[24Apr2025 23:53:55.491] [main/INFO] [cpw.mods.modlauncher.Launcher/MODLAUNCHER]: ModLauncher running: args [--launchTarget, forgeserver, --fml.forgeVersion, 47.3.7, --fml.mcVersion, 1.20.1, --fml.forgeGroup, net.minecraftforge, --fml.mcpVersion, 20230612.114412, nogui]
[24Apr2025 23:53:55.496] [main/INFO] [cpw.mods.modlauncher.Launcher/MODLAUNCHER]: ModLauncher 10.0.9+10.0.9+main.dcd20f30 starting: java version 17.0.14 by Ubuntu; OS Linux arch amd64 version 6.8.0-1026-azure
[24Apr2025 23:53:55.524] [main/DEBUG] [cpw.mods.modlauncher.LaunchServiceHandler/MODLAUNCHER]: Found launch services [fmlclientdev,forgeclient,minecraft,forgegametestserverdev,fmlserveruserdev,fmlclient,fmldatauserdev,forgeserverdev,forgeserveruserdev,forgeclientdev,forgeclientuserdev,forgeserver,forgedatadev,fmlserver,fmlclientuserdev,fmlserverdev,forgedatauserdev,testharness,forgegametestserveruserdev]
[24Apr2025 23:53:55.536] [main/DEBUG] [cpw.mods.modlauncher.NameMappingServiceHandler/MODLAUNCHER]: Found naming services : [srgtomcp]
[24Apr2025 23:53:55.552] [main/DEBUG] [cpw.mods.modlauncher.LaunchPluginHandler/MODLAUNCHER]: Found launch plugins: [mixin,eventbus,slf4jfixer,object_holder_definalize,runtime_enum_extender,capability_token_subclass,accesstransformer,runtimedistcleaner]
[24Apr2025 23:53:55.564] [main/DEBUG] [cpw.mods.modlauncher.TransformationServicesHandler/MODLAUNCHER]: Discovering transformation services
[24Apr2025 23:53:55.570] [main/DEBUG] [net.minecraftforge.fml.loading.FMLPaths/CORE]: Path GAMEDIR is /workspaces/LASBESTIAS/servidor_minecraft
[24Apr2025 23:53:55.570] [main/DEBUG] [net.minecraftforge.fml.loading.FMLPaths/CORE]: Path MODSDIR is /workspaces/LASBESTIAS/servidor_minecraft/mods
[24Apr2025 23:53:55.570] [main/DEBUG] [net.minecraftforge.fml.loading.FMLPaths/CORE]: Path CONFIGDIR is /workspaces/LASBESTIAS/servidor_minecraft/config
[24Apr2025 23:53:55.570] [main/DEBUG] [net.minecraftforge.fml.loading.FMLPaths/CORE]: Path FMLCONFIG is /workspaces/LASBESTIAS/servidor_minecraft/config/fml.toml
[24Apr2025 23:53:56.538] [main/DEBUG] [cpw.mods.modlauncher.TransformationServicesHandler/MODLAUNCHER]: Found additional transformation services from discovery services: 
[24Apr2025 23:53:56.543] [main/INFO] [net.minecraftforge.fml.loading.ImmediateWindowHandler/]: ImmediateWindowProvider not loading because launch target is forgeserver
[24Apr2025 23:53:56.550] [main/DEBUG] [cpw.mods.modlauncher.TransformationServicesHandler/MODLAUNCHER]: Found transformer services : [mixin,fml]
[24Apr2025 23:53:56.550] [main/DEBUG] [cpw.mods.modlauncher.TransformationServicesHandler/MODLAUNCHER]: Transformation services loading
[24Apr2025 23:53:56.550] [main/DEBUG] [cpw.mods.modlauncher.TransformationServiceDecorator/MODLAUNCHER]: Loading service mixin
[24Apr2025 23:53:56.551] [main/DEBUG] [cpw.mods.modlauncher.TransformationServiceDecorator/MODLAUNCHER]: Loaded service mixin
[24Apr2025 23:53:56.551] [main/DEBUG] [cpw.mods.modlauncher.TransformationServiceDecorator/MODLAUNCHER]: Loading service fml
[24Apr2025 23:53:56.552] [main/DEBUG] [net.minecraftforge.fml.loading.LauncherVersion/CORE]: Found FMLLauncher version 1.0
[24Apr2025 23:53:56.552] [main/DEBUG] [net.minecraftforge.fml.loading.FMLLoader/CORE]: FML 1.0 loading
[24Apr2025 23:53:56.552] [main/DEBUG] [net.minecraftforge.fml.loading.FMLLoader/CORE]: FML found ModLauncher version : 10.0.9+10.0.9+main.dcd20f30
[24Apr2025 23:53:56.552] [main/DEBUG] [net.minecraftforge.fml.loading.FMLLoader/CORE]: FML found AccessTransformer version : 8.0.4+66+master.c09db6d7
[24Apr2025 23:53:56.553] [main/DEBUG] [net.minecraftforge.fml.loading.FMLLoader/CORE]: FML found EventBus version : 6.0.5+6.0.5+master.eb8e549b
[24Apr2025 23:53:56.553] [main/DEBUG] [net.minecraftforge.fml.loading.FMLLoader/CORE]: Found Runtime Dist Cleaner
[24Apr2025 23:53:56.554] [main/DEBUG] [net.minecraftforge.fml.loading.FMLLoader/CORE]: FML found CoreMod version : 5.1.6
[24Apr2025 23:53:56.555] [main/DEBUG] [net.minecraftforge.fml.loading.FMLLoader/CORE]: Found ForgeSPI package implementation version 7.0.1+7.0.1+master.d2b38bf6
[24Apr2025 23:53:56.555] [main/DEBUG] [net.minecraftforge.fml.loading.FMLLoader/CORE]: Found ForgeSPI package specification 5
[24Apr2025 23:53:56.555] [main/DEBUG] [cpw.mods.modlauncher.TransformationServiceDecorator/MODLAUNCHER]: Loaded service fml
[24Apr2025 23:53:56.555] [main/DEBUG] [cpw.mods.modlauncher.TransformationServicesHandler/MODLAUNCHER]: Configuring option handling for services
[24Apr2025 23:53:56.561] [main/DEBUG] [cpw.mods.modlauncher.TransformationServicesHandler/MODLAUNCHER]: Transformation services initializing
[24Apr2025 23:53:56.562] [main/DEBUG] [cpw.mods.modlauncher.TransformationServiceDecorator/MODLAUNCHER]: Initializing transformation service mixin
[24Apr2025 23:53:56.574] [main/DEBUG] [mixin/]: MixinService [ModLauncher] was successfully booted in cpw.mods.cl.ModuleClassLoader@7a3d45bd
[24Apr2025 23:53:56.593] [main/INFO] [mixin/]: SpongePowered MIXIN Subsystem Version=0.8.5 Source=union:/workspaces/LASBESTIAS/servidor_minecraft/libraries/org/spongepowered/mixin/0.8.5/mixin-0.8.5.jar%2365!/ Service=ModLauncher Env=SERVER
[24Apr2025 23:53:56.596] [main/DEBUG] [mixin/]: Initialising Mixin Platform Manager
[24Apr2025 23:53:56.596] [main/DEBUG] [mixin/]: Adding mixin platform agents for container ModLauncher Root Container(ModLauncher:4f56a0a2)
[24Apr2025 23:53:56.597] [main/DEBUG] [mixin/]: Instancing new MixinPlatformAgentMinecraftForge for ModLauncher Root Container(ModLauncher:4f56a0a2)
[24Apr2025 23:53:56.597] [main/DEBUG] [mixin/]: MixinPlatformAgentMinecraftForge rejected container ModLauncher Root Container(ModLauncher:4f56a0a2)
[24Apr2025 23:53:56.598] [main/DEBUG] [mixin/]: Instancing new MixinPlatformAgentDefault for ModLauncher Root Container(ModLauncher:4f56a0a2)
[24Apr2025 23:53:56.598] [main/DEBUG] [mixin/]: MixinPlatformAgentDefault accepted container ModLauncher Root Container(ModLauncher:4f56a0a2)
[24Apr2025 23:53:56.601] [main/DEBUG] [cpw.mods.modlauncher.TransformationServiceDecorator/MODLAUNCHER]: Initialized transformation service mixin
[24Apr2025 23:53:56.602] [main/DEBUG] [cpw.mods.modlauncher.TransformationServiceDecorator/MODLAUNCHER]: Initializing transformation service fml
[24Apr2025 23:53:56.602] [main/DEBUG] [net.minecraftforge.fml.loading.FMLServiceProvider/CORE]: Setting up basic FML game directories
[24Apr2025 23:53:56.602] [main/DEBUG] [net.minecraftforge.fml.loading.FMLPaths/CORE]: Path GAMEDIR is /workspaces/LASBESTIAS/servidor_minecraft
[24Apr2025 23:53:56.602] [main/DEBUG] [net.minecraftforge.fml.loading.FMLPaths/CORE]: Path MODSDIR is /workspaces/LASBESTIAS/servidor_minecraft/mods
[24Apr2025 23:53:56.602] [main/DEBUG] [net.minecraftforge.fml.loading.FMLPaths/CORE]: Path CONFIGDIR is /workspaces/LASBESTIAS/servidor_minecraft/config
[24Apr2025 23:53:56.603] [main/DEBUG] [net.minecraftforge.fml.loading.FMLPaths/CORE]: Path FMLCONFIG is /workspaces/LASBESTIAS/servidor_minecraft/config/fml.toml
[24Apr2025 23:53:56.603] [main/DEBUG] [net.minecraftforge.fml.loading.FMLServiceProvider/CORE]: Loading configuration
[24Apr2025 23:53:56.605] [main/DEBUG] [net.minecraftforge.fml.loading.FMLServiceProvider/CORE]: Preparing ModFile
[24Apr2025 23:53:56.608] [main/DEBUG] [net.minecraftforge.fml.loading.FMLServiceProvider/CORE]: Preparing launch handler
[24Apr2025 23:53:56.608] [main/DEBUG] [net.minecraftforge.fml.loading.FMLLoader/CORE]: Using forgeserver as launch service
[24Apr2025 23:53:56.619] [main/DEBUG] [net.minecraftforge.fml.loading.FMLLoader/CORE]: Received command line version data  : VersionInfo[forgeVersion=47.3.7, mcVersion=1.20.1, mcpVersion=20230612.114412, forgeGroup=net.minecraftforge]
[24Apr2025 23:53:56.621] [main/DEBUG] [cpw.mods.modlauncher.TransformationServiceDecorator/MODLAUNCHER]: Initialized transformation service fml
[24Apr2025 23:53:56.621] [main/DEBUG] [cpw.mods.modlauncher.NameMappingServiceHandler/MODLAUNCHER]: Current naming domain is 'srg'
[24Apr2025 23:53:56.621] [main/DEBUG] [cpw.mods.modlauncher.NameMappingServiceHandler/MODLAUNCHER]: Identified name mapping providers {}
[24Apr2025 23:53:56.621] [main/DEBUG] [cpw.mods.modlauncher.TransformationServicesHandler/MODLAUNCHER]: Transformation services begin scanning
[24Apr2025 23:53:56.622] [main/DEBUG] [cpw.mods.modlauncher.TransformationServiceDecorator/MODLAUNCHER]: Beginning scan trigger - transformation service mixin
[24Apr2025 23:53:56.622] [main/DEBUG] [cpw.mods.modlauncher.TransformationServiceDecorator/MODLAUNCHER]: End scan trigger - transformation service mixin
[24Apr2025 23:53:56.623] [main/DEBUG] [cpw.mods.modlauncher.TransformationServiceDecorator/MODLAUNCHER]: Beginning scan trigger - transformation service fml
[24Apr2025 23:53:56.623] [main/DEBUG] [net.minecraftforge.fml.loading.FMLServiceProvider/CORE]: Initiating mod scan
[24Apr2025 23:53:56.630] [main/DEBUG] [net.minecraftforge.fml.loading.moddiscovery.ModListHandler/CORE]: Found mod coordinates from lists: []
[24Apr2025 23:53:56.633] [main/DEBUG] [net.minecraftforge.fml.loading.moddiscovery.ModDiscoverer/CORE]: Found Mod Locators : (mods folder:null),(maven libs:null),(exploded directory:null),(minecraft:null),(userdev classpath:null)
[24Apr2025 23:53:56.634] [main/DEBUG] [net.minecraftforge.fml.loading.moddiscovery.ModDiscoverer/CORE]: Found Dependency Locators : (JarInJar:null)
[24Apr2025 23:53:56.641] [main/DEBUG] [net.minecraftforge.fml.loading.moddiscovery.ModFileParser/LOADING]: Considering mod file candidate /workspaces/LASBESTIAS/servidor_minecraft/mods/advancednetherite-forge-2.1.3-1.20.1.jar
[24Apr2025 23:53:56.684] [main/DEBUG] [net.minecraftforge.fml.loading.moddiscovery.ModFileInfo/LOADING]: Found valid mod file advancednetherite-forge-2.1.3-1.20.1.jar with {advancednetherite} mods - versions {2.1.3}
[24Apr2025 23:53:56.686] [main/DEBUG] [net.minecraftforge.fml.loading.moddiscovery.ModFileParser/LOADING]: Considering mod file candidate /workspaces/LASBESTIAS/servidor_minecraft/mods/azurelib-neo-1.20.1-2.0.41.jar
[24Apr2025 23:53:56.687] [main/DEBUG] [net.minecraftforge.fml.loading.moddiscovery.ModFileInfo/LOADING]: Found valid mod file azurelib-neo-1.20.1-2.0.41.jar with {azurelib} mods - versions {2.0.41}
[24Apr2025 23:53:56.688] [main/DEBUG] [net.minecraftforge.fml.loading.moddiscovery.ModFileParser/LOADING]: Considering mod file candidate /workspaces/LASBESTIAS/servidor_minecraft/mods/balm-forge-1.20.1-7.3.27-all.jar
[24Apr2025 23:53:56.690] [main/DEBUG] [net.minecraftforge.fml.loading.moddiscovery.ModFileInfo/LOADING]: Found valid mod file balm-forge-1.20.1-7.3.27-all.jar with {balm} mods - versions {7.3.27}
[24Apr2025 23:53:56.693] [main/DEBUG] [net.minecraftforge.fml.loading.moddiscovery.ModFileParser/LOADING]: Considering mod file candidate /workspaces/LASBESTIAS/servidor_minecraft/mods/BiomesOPlenty-forge-1.20.1-19.0.0.96.jar
[24Apr2025 23:53:56.695] [main/DEBUG] [net.minecraftforge.fml.loading.moddiscovery.ModFileInfo/LOADING]: Found valid mod file BiomesOPlenty-forge-1.20.1-19.0.0.96.jar with {biomesoplenty} mods - versions {19.0.0.96}
[24Apr2025 23:53:56.696] [main/DEBUG] [net.minecraftforge.fml.loading.moddiscovery.ModFileParser/LOADING]: Considering mod file candidate /workspaces/LASBESTIAS/servidor_minecraft/mods/camera-forge-1.20.1-1.0.19.jar
[24Apr2025 23:53:56.697] [main/DEBUG] [net.minecraftforge.fml.loading.moddiscovery.ModFileInfo/LOADING]: Found valid mod file camera-forge-1.20.1-1.0.19.jar with {camera} mods - versions {1.20.1-1.0.19}
[24Apr2025 23:53:56.698] [main/DEBUG] [net.minecraftforge.fml.loading.moddiscovery.ModFileParser/LOADING]: Considering mod file candidate /workspaces/LASBESTIAS/servidor_minecraft/mods/carryon-forge-1.20.1-2.1.2.7.jar
[24Apr2025 23:53:56.701] [main/DEBUG] [net.minecraftforge.fml.loading.moddiscovery.ModFileInfo/LOADING]: Found valid mod file carryon-forge-1.20.1-2.1.2.7.jar with {carryon} mods - versions {2.1.2.7}
[24Apr2025 23:53:56.702] [main/DEBUG] [net.minecraftforge.fml.loading.moddiscovery.ModFileParser/LOADING]: Considering mod file candidate /workspaces/LASBESTIAS/servidor_minecraft/mods/cleanswing-1.20-1.8.jar
[24Apr2025 23:53:56.703] [main/DEBUG] [net.minecraftforge.fml.loading.moddiscovery.ModFileInfo/LOADING]: Found valid mod file cleanswing-1.20-1.8.jar with {cleanswing} mods - versions {1.8}
[24Apr2025 23:53:56.704] [main/DEBUG] [net.minecraftforge.fml.loading.moddiscovery.ModFileParser/LOADING]: Considering mod file candidate /workspaces/LASBESTIAS/servidor_minecraft/mods/collective-1.20.1-7.78.jar
[24Apr2025 23:53:56.705] [main/DEBUG] [net.minecraftforge.fml.loading.moddiscovery.ModFileInfo/LOADING]: Found valid mod file collective-1.20.1-7.78.jar with {collective} mods - versions {7.78}
[24Apr2025 23:53:56.706] [main/DEBUG] [net.minecraftforge.fml.loading.moddiscovery.ModFileParser/LOADING]: Considering mod file candidate /workspaces/LASBESTIAS/servidor_minecraft/mods/corpse-forge-1.20.1-1.0.20.jar
[24Apr2025 23:53:56.707] [main/DEBUG] [net.minecraftforge.fml.loading.moddiscovery.ModFileInfo/LOADING]: Found valid mod file corpse-forge-1.20.1-1.0.20.jar with {corpse} mods - versions {1.20.1-1.0.20}
[24Apr2025 23:53:56.708] [main/DEBUG] [net.minecraftforge.fml.loading.moddiscovery.ModFileParser/LOADING]: Considering mod file candidate /workspaces/LASBESTIAS/servidor_minecraft/mods/Dungeon Crawl-1.20.1-2.3.15.jar
[24Apr2025 23:53:56.708] [main/DEBUG] [net.minecraftforge.fml.loading.moddiscovery.ModFileInfo/LOADING]: Found valid mod file Dungeon Crawl-1.20.1-2.3.15.jar with {dungeoncrawl} mods - versions {2.3.15}
[24Apr2025 23:53:56.710] [main/DEBUG] [net.minecraftforge.fml.loading.moddiscovery.ModFileParser/LOADING]: Considering mod file candidate /workspaces/LASBESTIAS/servidor_minecraft/mods/Dungeon Now Loading-forge-1.20.1-1.5.jar
[24Apr2025 23:53:56.710] [main/DEBUG] [net.minecraftforge.fml.loading.moddiscovery.ModFileInfo/LOADING]: Found valid mod file Dungeon Now Loading-forge-1.20.1-1.5.jar with {dungeonnowloading} mods - versions {1.5}
[24Apr2025 23:53:56.712] [main/DEBUG] [net.minecraftforge.fml.loading.moddiscovery.ModFileParser/LOADING]: Considering mod file candidate /workspaces/LASBESTIAS/servidor_minecraft/mods/dungeons-and-taverns-3.0.3.f[Forge].jar
[24Apr2025 23:53:56.713] [main/DEBUG] [net.minecraftforge.fml.loading.moddiscovery.ModFileInfo/LOADING]: Found valid mod file dungeons-and-taverns-3.0.3.f[Forge].jar with {mr_dungeons_andtaverns} mods - versions {3.0.3.f}
[24Apr2025 23:53:56.714] [main/DEBUG] [net.minecraftforge.fml.loading.moddiscovery.ModFileParser/LOADING]: Considering mod file candidate /workspaces/LASBESTIAS/servidor_minecraft/mods/dungeons-and-taverns-stronghold-rework-1 [Forge].jar
[24Apr2025 23:53:56.715] [main/DEBUG] [net.minecraftforge.fml.loading.moddiscovery.ModFileInfo/LOADING]: Found valid mod file dungeons-and-taverns-stronghold-rework-1 [Forge].jar with {mr_dungeons_andtavernsstrongholdrework} mods - versions {1}
[24Apr2025 23:53:56.715] [main/DEBUG] [net.minecraftforge.fml.loading.moddiscovery.ModFileParser/LOADING]: Considering mod file candidate /workspaces/LASBESTIAS/servidor_minecraft/mods/dungeons_enhanced-1.20.1-5.4.0.jar
[24Apr2025 23:53:56.717] [main/DEBUG] [net.minecraftforge.fml.loading.moddiscovery.ModFileInfo/LOADING]: Found valid mod file dungeons_enhanced-1.20.1-5.4.0.jar with {dungeons_enhanced} mods - versions {5.4.0}
[24Apr2025 23:53:56.718] [main/DEBUG] [net.minecraftforge.fml.loading.moddiscovery.ModFileParser/LOADING]: Considering mod file candidate /workspaces/LASBESTIAS/servidor_minecraft/mods/DungeonsArise-1.20.1-2.1.57-release.jar
[24Apr2025 23:53:56.719] [main/DEBUG] [net.minecraftforge.fml.loading.moddiscovery.ModFileInfo/LOADING]: Found valid mod file DungeonsArise-1.20.1-2.1.57-release.jar with {dungeons_arise} mods - versions {2.1.57-1.20.1}
[24Apr2025 23:53:56.719] [main/DEBUG] [net.minecraftforge.fml.loading.moddiscovery.ModFileParser/LOADING]: Considering mod file candidate /workspaces/LASBESTIAS/servidor_minecraft/mods/DungeonsAriseSevenSeas-1.20.x-1.0.2-forge.jar
[24Apr2025 23:53:56.720] [main/DEBUG] [net.minecraftforge.fml.loading.moddiscovery.ModFileInfo/LOADING]: Found valid mod file DungeonsAriseSevenSeas-1.20.x-1.0.2-forge.jar with {dungeons_arise_seven_seas} mods - versions {1.0.2}
[24Apr2025 23:53:56.721] [main/DEBUG] [net.minecraftforge.fml.loading.moddiscovery.ModFileParser/LOADING]: Considering mod file candidate /workspaces/LASBESTIAS/servidor_minecraft/mods/exlinecopperequipment-forge-1.20.1-v2.0.8.jar
[24Apr2025 23:53:56.722] [main/DEBUG] [net.minecraftforge.fml.loading.moddiscovery.ModFileInfo/LOADING]: Found valid mod file exlinecopperequipment-forge-1.20.1-v2.0.8.jar with {exlinecopperequipment} mods - versions {2.0.8}
[24Apr2025 23:53:56.722] [main/DEBUG] [net.minecraftforge.fml.loading.moddiscovery.ModFileParser/LOADING]: Considering mod file candidate /workspaces/LASBESTIAS/servidor_minecraft/mods/extra_dungeons-1.0.6-forge-1.20.1.jar
[24Apr2025 23:53:56.723] [main/DEBUG] [net.minecraftforge.fml.loading.moddiscovery.ModFileInfo/LOADING]: Found valid mod file extra_dungeons-1.0.6-forge-1.20.1.jar with {extra_dungeons} mods - versions {1.0.6}
[24Apr2025 23:53:56.727] [main/DEBUG] [net.minecraftforge.fml.loading.moddiscovery.ModFileParser/LOADING]: Considering mod file candidate /workspaces/LASBESTIAS/servidor_minecraft/mods/FallingTree-1.20.1-4.3.4.jar
[24Apr2025 23:53:56.728] [main/DEBUG] [net.minecraftforge.fml.loading.moddiscovery.ModFileInfo/LOADING]: Found valid mod file FallingTree-1.20.1-4.3.4.jar with {fallingtree} mods - versions {4.3.4}
[24Apr2025 23:53:56.729] [main/DEBUG] [net.minecraftforge.fml.loading.moddiscovery.ModFileParser/LOADING]: Considering mod file candidate /workspaces/LASBESTIAS/servidor_minecraft/mods/from-another-world-1.2A.1-forge.jar
[24Apr2025 23:53:56.731] [main/DEBUG] [net.minecraftforge.fml.loading.moddiscovery.ModFileInfo/LOADING]: Found valid mod file from-another-world-1.2A.1-forge.jar with {fromanotherworld} mods - versions {1.2A.1-forge}
[24Apr2025 23:53:56.731] [main/DEBUG] [net.minecraftforge.fml.loading.moddiscovery.ModFileParser/LOADING]: Considering mod file candidate /workspaces/LASBESTIAS/servidor_minecraft/mods/FromAnotherLibrary-forge-1.20.1-1.0.2.jar
[24Apr2025 23:53:56.732] [main/DEBUG] [net.minecraftforge.fml.loading.moddiscovery.ModFileInfo/LOADING]: Found valid mod file FromAnotherLibrary-forge-1.20.1-1.0.2.jar with {fromanotherlibrary} mods - versions {1.0.2}
[24Apr2025 23:53:56.733] [main/DEBUG] [net.minecraftforge.fml.loading.moddiscovery.ModFileParser/LOADING]: Considering mod file candidate /workspaces/LASBESTIAS/servidor_minecraft/mods/GlitchCore-forge-1.20.1-0.0.1.1.jar
[24Apr2025 23:53:56.733] [main/DEBUG] [net.minecraftforge.fml.loading.moddiscovery.ModFileInfo/LOADING]: Found valid mod file GlitchCore-forge-1.20.1-0.0.1.1.jar with {glitchcore} mods - versions {0.0.1.1}
[24Apr2025 23:53:56.734] [main/DEBUG] [net.minecraftforge.fml.loading.moddiscovery.ModFileParser/LOADING]: Considering mod file candidate /workspaces/LASBESTIAS/servidor_minecraft/mods/HopoBetterRuinedPortals-[1.20-1.20.2]-1.3.7b.jar
[24Apr2025 23:53:56.735] [main/DEBUG] [net.minecraftforge.fml.loading.moddiscovery.ModFileInfo/LOADING]: Found valid mod file HopoBetterRuinedPortals-[1.20-1.20.2]-1.3.7b.jar with {hoporp} mods - versions {1.3.7}
[24Apr2025 23:53:56.738] [main/DEBUG] [net.minecraftforge.fml.loading.moddiscovery.ModFileParser/LOADING]: Considering mod file candidate /workspaces/LASBESTIAS/servidor_minecraft/mods/Incendium_1.20.x_v5.3.5.jar
[24Apr2025 23:53:56.739] [main/DEBUG] [net.minecraftforge.fml.loading.moddiscovery.ModFileInfo/LOADING]: Found valid mod file Incendium_1.20.x_v5.3.5.jar with {incendium} mods - versions {5.3.5}
[24Apr2025 23:53:56.740] [main/DEBUG] [net.minecraftforge.fml.loading.moddiscovery.ModFileParser/LOADING]: Considering mod file candidate /workspaces/LASBESTIAS/servidor_minecraft/mods/Jade-1.20.1-Forge-11.13.1.jar
[24Apr2025 23:53:56.740] [main/DEBUG] [net.minecraftforge.fml.loading.moddiscovery.ModFileInfo/LOADING]: Found valid mod file Jade-1.20.1-Forge-11.13.1.jar with {jade} mods - versions {11.13.1+forge}
[24Apr2025 23:53:56.741] [main/DEBUG] [net.minecraftforge.fml.loading.moddiscovery.ModFileParser/LOADING]: Considering mod file candidate /workspaces/LASBESTIAS/servidor_minecraft/mods/Measurements-forge-1.20.1-2.0.1.jar
[24Apr2025 23:53:56.741] [main/DEBUG] [net.minecraftforge.fml.loading.moddiscovery.ModFileInfo/LOADING]: Found valid mod file Measurements-forge-1.20.1-2.0.1.jar with {measurements} mods - versions {2.0.1}
[24Apr2025 23:53:56.742] [main/DEBUG] [net.minecraftforge.fml.loading.moddiscovery.ModFileParser/LOADING]: Considering mod file candidate /workspaces/LASBESTIAS/servidor_minecraft/mods/moonlight-1.20-2.13.81-forge.jar
[24Apr2025 23:53:56.743] [main/DEBUG] [net.minecraftforge.fml.loading.moddiscovery.ModFileInfo/LOADING]: Found valid mod file moonlight-1.20-2.13.81-forge.jar with {moonlight} mods - versions {1.20-2.13.81}
[24Apr2025 23:53:56.744] [main/DEBUG] [net.minecraftforge.fml.loading.moddiscovery.ModFileParser/LOADING]: Considering mod file candidate /workspaces/LASBESTIAS/servidor_minecraft/mods/noanimaltemptdelay-1.20.1-1.2.jar
[24Apr2025 23:53:56.745] [main/DEBUG] [net.minecraftforge.fml.loading.moddiscovery.ModFileInfo/LOADING]: Found valid mod file noanimaltemptdelay-1.20.1-1.2.jar with {noanimaltemptdelay} mods - versions {1.2}
[24Apr2025 23:53:56.745] [main/DEBUG] [net.minecraftforge.fml.loading.moddiscovery.ModFileParser/LOADING]: Considering mod file candidate /workspaces/LASBESTIAS/servidor_minecraft/mods/Obscure-Tooltips-2.2.jar
[24Apr2025 23:53:56.746] [main/DEBUG] [net.minecraftforge.fml.loading.moddiscovery.ModFileInfo/LOADING]: Found valid mod file Obscure-Tooltips-2.2.jar with {obscure_tooltips} mods - versions {2.2}
[24Apr2025 23:53:56.746] [main/DEBUG] [net.minecraftforge.fml.loading.moddiscovery.ModFileParser/LOADING]: Considering mod file candidate /workspaces/LASBESTIAS/servidor_minecraft/mods/Pati_structures_1.3.0_forge_1.20.jar
[24Apr2025 23:53:56.747] [main/DEBUG] [net.minecraftforge.fml.loading.moddiscovery.ModFileInfo/LOADING]: Found valid mod file Pati_structures_1.3.0_forge_1.20.jar with {ati_structuresv} mods - versions {1.0.0}
[24Apr2025 23:53:56.748] [main/DEBUG] [net.minecraftforge.fml.loading.moddiscovery.ModFileParser/LOADING]: Considering mod file candidate /workspaces/LASBESTIAS/servidor_minecraft/mods/PrettyPipes-1.15.0-all.jar
[24Apr2025 23:53:56.749] [main/DEBUG] [net.minecraftforge.fml.loading.moddiscovery.ModFileInfo/LOADING]: Found valid mod file PrettyPipes-1.15.0-all.jar with {prettypipes} mods - versions {1.15.0}
[24Apr2025 23:53:56.751] [main/DEBUG] [net.minecraftforge.fml.loading.moddiscovery.ModFileParser/LOADING]: Considering mod file candidate /workspaces/LASBESTIAS/servidor_minecraft/mods/spore_1.20.1_2.1.4c.jar
[24Apr2025 23:53:56.752] [main/DEBUG] [net.minecraftforge.fml.loading.moddiscovery.ModFileInfo/LOADING]: Found valid mod file spore_1.20.1_2.1.4c.jar with {spore} mods - versions {2.1.4}
[24Apr2025 23:53:56.753] [main/DEBUG] [net.minecraftforge.fml.loading.moddiscovery.ModFileParser/LOADING]: Considering mod file candidate /workspaces/LASBESTIAS/servidor_minecraft/mods/stalwart-dungeons-1.20.1-1.2.8.jar
[24Apr2025 23:53:56.754] [main/DEBUG] [net.minecraftforge.fml.loading.moddiscovery.ModFileInfo/LOADING]: Found valid mod file stalwart-dungeons-1.20.1-1.2.8.jar with {stalwart_dungeons} mods - versions {1.2.8}
[24Apr2025 23:53:56.755] [main/DEBUG] [net.minecraftforge.fml.loading.moddiscovery.ModFileParser/LOADING]: Considering mod file candidate /workspaces/LASBESTIAS/servidor_minecraft/mods/StorageDrawers-1.20.1-12.9.13.jar
[24Apr2025 23:53:56.756] [main/DEBUG] [net.minecraftforge.fml.loading.moddiscovery.ModFileInfo/LOADING]: Found valid mod file StorageDrawers-1.20.1-12.9.13.jar with {storagedrawers} mods - versions {12.9.13}
[24Apr2025 23:53:56.757] [main/DEBUG] [net.minecraftforge.fml.loading.moddiscovery.ModFileParser/LOADING]: Considering mod file candidate /workspaces/LASBESTIAS/servidor_minecraft/mods/Structory_1.20.x_v1.3.5.jar
[24Apr2025 23:53:56.758] [main/DEBUG] [net.minecraftforge.fml.loading.moddiscovery.ModFileInfo/LOADING]: Found valid mod file Structory_1.20.x_v1.3.5.jar with {structory} mods - versions {1.3.5}
[24Apr2025 23:53:56.758] [main/DEBUG] [net.minecraftforge.fml.loading.moddiscovery.ModFileParser/LOADING]: Considering mod file candidate /workspaces/LASBESTIAS/servidor_minecraft/mods/structure_gel-1.20.1-2.16.2.jar
[24Apr2025 23:53:56.759] [main/DEBUG] [net.minecraftforge.fml.loading.moddiscovery.ModFileInfo/LOADING]: Found valid mod file structure_gel-1.20.1-2.16.2.jar with {structure_gel} mods - versions {2.16.2}
[24Apr2025 23:53:56.764] [main/DEBUG] [net.minecraftforge.fml.loading.moddiscovery.ModFileParser/LOADING]: Considering mod file candidate /workspaces/LASBESTIAS/servidor_minecraft/mods/supplementaries-1.20-3.1.26.jar
[24Apr2025 23:53:56.766] [main/DEBUG] [net.minecraftforge.fml.loading.moddiscovery.ModFileInfo/LOADING]: Found valid mod file supplementaries-1.20-3.1.26.jar with {supplementaries} mods - versions {1.20-3.1.26}
[24Apr2025 23:53:56.767] [main/DEBUG] [net.minecraftforge.fml.loading.moddiscovery.ModFileParser/LOADING]: Considering mod file candidate /workspaces/LASBESTIAS/servidor_minecraft/mods/TerraBlender-forge-1.20.1-3.0.1.10.jar
[24Apr2025 23:53:56.767] [main/DEBUG] [net.minecraftforge.fml.loading.moddiscovery.ModFileInfo/LOADING]: Found valid mod file TerraBlender-forge-1.20.1-3.0.1.10.jar with {terrablender} mods - versions {3.0.1.10}
[24Apr2025 23:53:56.770] [main/DEBUG] [net.minecraftforge.fml.loading.moddiscovery.ModFileParser/LOADING]: Considering mod file candidate /workspaces/LASBESTIAS/servidor_minecraft/mods/Terralith_1.20.x_v2.5.4.jar
[24Apr2025 23:53:56.771] [main/DEBUG] [net.minecraftforge.fml.loading.moddiscovery.ModFileInfo/LOADING]: Found valid mod file Terralith_1.20.x_v2.5.4.jar with {terralith} mods - versions {2.5.4}
[24Apr2025 23:53:56.772] [main/DEBUG] [net.minecraftforge.fml.loading.moddiscovery.ModFileParser/LOADING]: Considering mod file candidate /workspaces/LASBESTIAS/servidor_minecraft/mods/totw_modded-forge-1.20.1-1.0.6.jar
[24Apr2025 23:53:56.773] [main/DEBUG] [net.minecraftforge.fml.loading.moddiscovery.ModFileInfo/LOADING]: Found valid mod file totw_modded-forge-1.20.1-1.0.6.jar with {totw_modded} mods - versions {1.0.6}
[24Apr2025 23:53:56.779] [main/DEBUG] [net.minecraftforge.fml.loading.moddiscovery.ModFileParser/LOADING]: Considering mod file candidate /workspaces/LASBESTIAS/servidor_minecraft/mods/twilightforest-1.20.1-4.3.2508-universal.jar
[24Apr2025 23:53:56.779] [main/DEBUG] [net.minecraftforge.fml.loading.moddiscovery.ModFileInfo/LOADING]: Found valid mod file twilightforest-1.20.1-4.3.2508-universal.jar with {twilightforest} mods - versions {4.3.2508}
[24Apr2025 23:53:56.782] [main/DEBUG] [net.minecraftforge.fml.loading.moddiscovery.ModFileParser/LOADING]: Considering mod file candidate /workspaces/LASBESTIAS/servidor_minecraft/mods/witherstormmod-1.20.1-4.2.1-all.jar
[24Apr2025 23:53:56.783] [main/DEBUG] [net.minecraftforge.fml.loading.moddiscovery.ModFileInfo/LOADING]: Found valid mod file witherstormmod-1.20.1-4.2.1-all.jar with {witherstormmod} mods - versions {4.2.1}
[24Apr2025 23:53:56.784] [main/DEBUG] [net.minecraftforge.fml.loading.moddiscovery.ModFileParser/LOADING]: Considering mod file candidate /workspaces/LASBESTIAS/servidor_minecraft/mods/Xaeros_Minimap_25.2.0_Forge_1.20.jar
[24Apr2025 23:53:56.785] [main/DEBUG] [net.minecraftforge.fml.loading.moddiscovery.ModFileInfo/LOADING]: Found valid mod file Xaeros_Minimap_25.2.0_Forge_1.20.jar with {xaerominimap} mods - versions {25.2.0}
[24Apr2025 23:53:56.786] [main/DEBUG] [net.minecraftforge.fml.loading.moddiscovery.ModFileParser/LOADING]: Considering mod file candidate /workspaces/LASBESTIAS/servidor_minecraft/mods/XaerosWorldMap_1.39.4_Forge_1.20.jar
[24Apr2025 23:53:56.786] [main/DEBUG] [net.minecraftforge.fml.loading.moddiscovery.ModFileInfo/LOADING]: Found valid mod file XaerosWorldMap_1.39.4_Forge_1.20.jar with {xaeroworldmap} mods - versions {1.39.4}
[24Apr2025 23:53:56.898] [main/DEBUG] [net.minecraftforge.fml.loading.moddiscovery.ModFileInfo/LOADING]: Found valid mod file server-1.20.1-20230612.114412-srg.jar with {minecraft} mods - versions {1.20.1}
[24Apr2025 23:53:56.903] [main/DEBUG] [net.minecraftforge.fml.loading.moddiscovery.ModFileParser/LOADING]: Considering mod file candidate /workspaces/LASBESTIAS/servidor_minecraft/libraries/net/minecraftforge/fmlcore/1.20.1-47.3.7/fmlcore-1.20.1-47.3.7.jar
[24Apr2025 23:53:56.903] [main/WARN] [net.minecraftforge.fml.loading.moddiscovery.ModFileParser/LOADING]: Mod file /workspaces/LASBESTIAS/servidor_minecraft/libraries/net/minecraftforge/fmlcore/1.20.1-47.3.7/fmlcore-1.20.1-47.3.7.jar is missing mods.toml file
[24Apr2025 23:53:56.906] [main/DEBUG] [net.minecraftforge.fml.loading.moddiscovery.ModFileParser/LOADING]: Considering mod file candidate /workspaces/LASBESTIAS/servidor_minecraft/libraries/net/minecraftforge/javafmllanguage/1.20.1-47.3.7/javafmllanguage-1.20.1-47.3.7.jar
[24Apr2025 23:53:56.906] [main/WARN] [net.minecraftforge.fml.loading.moddiscovery.ModFileParser/LOADING]: Mod file /workspaces/LASBESTIAS/servidor_minecraft/libraries/net/minecraftforge/javafmllanguage/1.20.1-47.3.7/javafmllanguage-1.20.1-47.3.7.jar is missing mods.toml file
[24Apr2025 23:53:56.907] [main/DEBUG] [net.minecraftforge.fml.loading.moddiscovery.ModFileParser/LOADING]: Considering mod file candidate /workspaces/LASBESTIAS/servidor_minecraft/libraries/net/minecraftforge/lowcodelanguage/1.20.1-47.3.7/lowcodelanguage-1.20.1-47.3.7.jar
[24Apr2025 23:53:56.907] [main/WARN] [net.minecraftforge.fml.loading.moddiscovery.ModFileParser/LOADING]: Mod file /workspaces/LASBESTIAS/servidor_minecraft/libraries/net/minecraftforge/lowcodelanguage/1.20.1-47.3.7/lowcodelanguage-1.20.1-47.3.7.jar is missing mods.toml file
[24Apr2025 23:53:56.908] [main/DEBUG] [net.minecraftforge.fml.loading.moddiscovery.ModFileParser/LOADING]: Considering mod file candidate /workspaces/LASBESTIAS/servidor_minecraft/libraries/net/minecraftforge/mclanguage/1.20.1-47.3.7/mclanguage-1.20.1-47.3.7.jar
[24Apr2025 23:53:56.909] [main/WARN] [net.minecraftforge.fml.loading.moddiscovery.ModFileParser/LOADING]: Mod file /workspaces/LASBESTIAS/servidor_minecraft/libraries/net/minecraftforge/mclanguage/1.20.1-47.3.7/mclanguage-1.20.1-47.3.7.jar is missing mods.toml file
[24Apr2025 23:53:56.955] [main/DEBUG] [net.minecraftforge.fml.loading.moddiscovery.ModFileParser/LOADING]: Considering mod file candidate /workspaces/LASBESTIAS/servidor_minecraft/libraries/net/minecraftforge/forge/1.20.1-47.3.7/forge-1.20.1-47.3.7-universal.jar
[24Apr2025 23:53:56.957] [main/DEBUG] [net.minecraftforge.fml.loading.moddiscovery.ModFileInfo/LOADING]: Found valid mod file forge-1.20.1-47.3.7-universal.jar with {forge} mods - versions {47.3.7}
[24Apr2025 23:53:56.967] [main/DEBUG] [net.minecraftforge.fml.loading.moddiscovery.AbstractJarFileDependencyLocator/]: Failed to load resource META-INF/jarjar/metadata.json from server-1.20.1-20230612.114412-srg.jar, it does not contain dependency information.
[24Apr2025 23:53:56.968] [main/DEBUG] [net.minecraftforge.fml.loading.moddiscovery.AbstractJarFileDependencyLocator/]: Failed to load resource META-INF/jarjar/metadata.json from totw_modded-forge-1.20.1-1.0.6.jar, it does not contain dependency information.
[24Apr2025 23:53:56.968] [main/DEBUG] [net.minecraftforge.fml.loading.moddiscovery.AbstractJarFileDependencyLocator/]: Failed to load resource META-INF/jarjar/metadata.json from TerraBlender-forge-1.20.1-3.0.1.10.jar, it does not contain dependency information.
[24Apr2025 23:53:56.968] [main/DEBUG] [net.minecraftforge.fml.loading.moddiscovery.AbstractJarFileDependencyLocator/]: Failed to load resource META-INF/jarjar/metadata.json from BiomesOPlenty-forge-1.20.1-19.0.0.96.jar, it does not contain dependency information.
[24Apr2025 23:53:56.968] [main/DEBUG] [net.minecraftforge.fml.loading.moddiscovery.AbstractJarFileDependencyLocator/]: Failed to load resource META-INF/jarjar/metadata.json from Jade-1.20.1-Forge-11.13.1.jar, it does not contain dependency information.
[24Apr2025 23:53:56.968] [main/DEBUG] [net.minecraftforge.fml.loading.moddiscovery.AbstractJarFileDependencyLocator/]: Failed to load resource META-INF/jarjar/metadata.json from Obscure-Tooltips-2.2.jar, it does not contain dependency information.
[24Apr2025 23:53:56.968] [main/DEBUG] [net.minecraftforge.fml.loading.moddiscovery.AbstractJarFileDependencyLocator/]: Failed to load resource META-INF/jarjar/metadata.json from dungeons-and-taverns-stronghold-rework-1 [Forge].jar, it does not contain dependency information.
[24Apr2025 23:53:56.969] [main/DEBUG] [net.minecraftforge.fml.loading.moddiscovery.AbstractJarFileDependencyLocator/]: Failed to load resource META-INF/jarjar/metadata.json from HopoBetterRuinedPortals-[1.20-1.20.2]-1.3.7b.jar, it does not contain dependency information.
[24Apr2025 23:53:56.969] [main/DEBUG] [net.minecraftforge.fml.loading.moddiscovery.AbstractJarFileDependencyLocator/]: Failed to load resource META-INF/jarjar/metadata.json from cleanswing-1.20-1.8.jar, it does not contain dependency information.
[24Apr2025 23:53:56.969] [main/DEBUG] [net.minecraftforge.fml.loading.moddiscovery.AbstractJarFileDependencyLocator/]: Failed to load resource META-INF/jarjar/metadata.json from exlinecopperequipment-forge-1.20.1-v2.0.8.jar, it does not contain dependency information.
[24Apr2025 23:53:56.969] [main/DEBUG] [net.minecraftforge.fml.loading.moddiscovery.AbstractJarFileDependencyLocator/]: Failed to load resource META-INF/jarjar/metadata.json from noanimaltemptdelay-1.20.1-1.2.jar, it does not contain dependency information.
[24Apr2025 23:53:56.969] [main/DEBUG] [net.minecraftforge.fml.loading.moddiscovery.AbstractJarFileDependencyLocator/]: Failed to load resource META-INF/jarjar/metadata.json from dungeons_enhanced-1.20.1-5.4.0.jar, it does not contain dependency information.
[24Apr2025 23:53:56.969] [main/DEBUG] [net.minecraftforge.fml.loading.moddiscovery.AbstractJarFileDependencyLocator/]: Failed to load resource META-INF/jarjar/metadata.json from stalwart-dungeons-1.20.1-1.2.8.jar, it does not contain dependency information.
[24Apr2025 23:53:56.970] [main/DEBUG] [net.minecraftforge.fml.loading.moddiscovery.AbstractJarFileDependencyLocator/]: Failed to load resource META-INF/jarjar/metadata.json from Incendium_1.20.x_v5.3.5.jar, it does not contain dependency information.
[24Apr2025 23:53:56.970] [main/DEBUG] [net.minecraftforge.fml.loading.moddiscovery.AbstractJarFileDependencyLocator/]: Failed to load resource META-INF/jarjar/metadata.json from from-another-world-1.2A.1-forge.jar, it does not contain dependency information.
[24Apr2025 23:53:56.970] [main/DEBUG] [net.minecraftforge.fml.loading.moddiscovery.AbstractJarFileDependencyLocator/]: Failed to load resource META-INF/jarjar/metadata.json from Xaeros_Minimap_25.2.0_Forge_1.20.jar, it does not contain dependency information.
[24Apr2025 23:53:56.970] [main/DEBUG] [net.minecraftforge.fml.loading.moddiscovery.AbstractJarFileDependencyLocator/]: Failed to load resource META-INF/jarjar/metadata.json from collective-1.20.1-7.78.jar, it does not contain dependency information.
[24Apr2025 23:53:56.970] [main/DEBUG] [net.minecraftforge.fml.loading.moddiscovery.AbstractJarFileDependencyLocator/]: Failed to load resource META-INF/jarjar/metadata.json from Structory_1.20.x_v1.3.5.jar, it does not contain dependency information.
[24Apr2025 23:53:56.970] [main/DEBUG] [net.minecraftforge.fml.loading.moddiscovery.AbstractJarFileDependencyLocator/]: Failed to load resource META-INF/jarjar/metadata.json from camera-forge-1.20.1-1.0.19.jar, it does not contain dependency information.
[24Apr2025 23:53:56.970] [main/DEBUG] [net.minecraftforge.fml.loading.moddiscovery.AbstractJarFileDependencyLocator/]: Failed to load resource META-INF/jarjar/metadata.json from advancednetherite-forge-2.1.3-1.20.1.jar, it does not contain dependency information.
[24Apr2025 23:53:56.971] [main/DEBUG] [net.minecraftforge.fml.loading.moddiscovery.AbstractJarFileDependencyLocator/]: Failed to load resource META-INF/jarjar/metadata.json from XaerosWorldMap_1.39.4_Forge_1.20.jar, it does not contain dependency information.
[24Apr2025 23:53:56.971] [main/DEBUG] [net.minecraftforge.fml.loading.moddiscovery.AbstractJarFileDependencyLocator/]: Failed to load resource META-INF/jarjar/metadata.json from Dungeon Now Loading-forge-1.20.1-1.5.jar, it does not contain dependency information.
[24Apr2025 23:53:56.971] [main/DEBUG] [net.minecraftforge.fml.loading.moddiscovery.AbstractJarFileDependencyLocator/]: Failed to load resource META-INF/jarjar/metadata.json from StorageDrawers-1.20.1-12.9.13.jar, it does not contain dependency information.
[24Apr2025 23:53:56.971] [main/DEBUG] [net.minecraftforge.fml.loading.moddiscovery.AbstractJarFileDependencyLocator/]: Failed to load resource META-INF/jarjar/metadata.json from Measurements-forge-1.20.1-2.0.1.jar, it does not contain dependency information.
[24Apr2025 23:53:56.971] [main/DEBUG] [net.minecraftforge.fml.loading.moddiscovery.AbstractJarFileDependencyLocator/]: Failed to load resource META-INF/jarjar/metadata.json from dungeons-and-taverns-3.0.3.f[Forge].jar, it does not contain dependency information.
[24Apr2025 23:53:56.971] [main/DEBUG] [net.minecraftforge.fml.loading.moddiscovery.AbstractJarFileDependencyLocator/]: Failed to load resource META-INF/jarjar/metadata.json from Dungeon Crawl-1.20.1-2.3.15.jar, it does not contain dependency information.
[24Apr2025 23:53:56.972] [main/DEBUG] [net.minecraftforge.fml.loading.moddiscovery.AbstractJarFileDependencyLocator/]: Failed to load resource META-INF/jarjar/metadata.json from GlitchCore-forge-1.20.1-0.0.1.1.jar, it does not contain dependency information.
[24Apr2025 23:53:56.972] [main/DEBUG] [net.minecraftforge.fml.loading.moddiscovery.AbstractJarFileDependencyLocator/]: Failed to load resource META-INF/jarjar/metadata.json from spore_1.20.1_2.1.4c.jar, it does not contain dependency information.
[24Apr2025 23:53:56.972] [main/DEBUG] [net.minecraftforge.fml.loading.moddiscovery.AbstractJarFileDependencyLocator/]: Failed to load resource META-INF/jarjar/metadata.json from Terralith_1.20.x_v2.5.4.jar, it does not contain dependency information.
[24Apr2025 23:53:56.972] [main/DEBUG] [net.minecraftforge.fml.loading.moddiscovery.AbstractJarFileDependencyLocator/]: Failed to load resource META-INF/jarjar/metadata.json from FromAnotherLibrary-forge-1.20.1-1.0.2.jar, it does not contain dependency information.
[24Apr2025 23:53:56.972] [main/DEBUG] [net.minecraftforge.fml.loading.moddiscovery.AbstractJarFileDependencyLocator/]: Failed to load resource META-INF/jarjar/metadata.json from extra_dungeons-1.0.6-forge-1.20.1.jar, it does not contain dependency information.
[24Apr2025 23:53:56.972] [main/DEBUG] [net.minecraftforge.fml.loading.moddiscovery.AbstractJarFileDependencyLocator/]: Failed to load resource META-INF/jarjar/metadata.json from azurelib-neo-1.20.1-2.0.41.jar, it does not contain dependency information.
[24Apr2025 23:53:56.973] [main/DEBUG] [net.minecraftforge.fml.loading.moddiscovery.AbstractJarFileDependencyLocator/]: Failed to load resource META-INF/jarjar/metadata.json from FallingTree-1.20.1-4.3.4.jar, it does not contain dependency information.
[24Apr2025 23:53:56.973] [main/DEBUG] [net.minecraftforge.fml.loading.moddiscovery.AbstractJarFileDependencyLocator/]: Failed to load resource META-INF/jarjar/metadata.json from DungeonsAriseSevenSeas-1.20.x-1.0.2-forge.jar, it does not contain dependency information.
[24Apr2025 23:53:56.973] [main/DEBUG] [net.minecraftforge.fml.loading.moddiscovery.AbstractJarFileDependencyLocator/]: Failed to load resource META-INF/jarjar/metadata.json from forge-1.20.1-47.3.7-universal.jar, it does not contain dependency information.
[24Apr2025 23:53:56.973] [main/DEBUG] [net.minecraftforge.fml.loading.moddiscovery.AbstractJarFileDependencyLocator/]: Failed to load resource META-INF/jarjar/metadata.json from twilightforest-1.20.1-4.3.2508-universal.jar, it does not contain dependency information.
[24Apr2025 23:53:56.973] [main/DEBUG] [net.minecraftforge.fml.loading.moddiscovery.AbstractJarFileDependencyLocator/]: Failed to load resource META-INF/jarjar/metadata.json from Pati_structures_1.3.0_forge_1.20.jar, it does not contain dependency information.
[24Apr2025 23:53:56.973] [main/DEBUG] [net.minecraftforge.fml.loading.moddiscovery.AbstractJarFileDependencyLocator/]: Failed to load resource META-INF/jarjar/metadata.json from structure_gel-1.20.1-2.16.2.jar, it does not contain dependency information.
[24Apr2025 23:53:56.974] [main/DEBUG] [net.minecraftforge.fml.loading.moddiscovery.AbstractJarFileDependencyLocator/]: Failed to load resource META-INF/jarjar/metadata.json from corpse-forge-1.20.1-1.0.20.jar, it does not contain dependency information.
[24Apr2025 23:53:56.974] [main/DEBUG] [net.minecraftforge.fml.loading.moddiscovery.AbstractJarFileDependencyLocator/]: Failed to load resource META-INF/jarjar/metadata.json from DungeonsArise-1.20.1-2.1.57-release.jar, it does not contain dependency information.
[24Apr2025 23:53:56.974] [main/DEBUG] [net.minecraftforge.fml.loading.moddiscovery.AbstractJarFileDependencyLocator/]: Failed to load resource META-INF/jarjar/metadata.json from mclanguage-1.20.1-47.3.7.jar, it does not contain dependency information.
[24Apr2025 23:53:56.974] [main/DEBUG] [net.minecraftforge.fml.loading.moddiscovery.AbstractJarFileDependencyLocator/]: Failed to load resource META-INF/jarjar/metadata.json from javafmllanguage-1.20.1-47.3.7.jar, it does not contain dependency information.
[24Apr2025 23:53:56.974] [main/DEBUG] [net.minecraftforge.fml.loading.moddiscovery.AbstractJarFileDependencyLocator/]: Failed to load resource META-INF/jarjar/metadata.json from fmlcore-1.20.1-47.3.7.jar, it does not contain dependency information.
[24Apr2025 23:53:56.974] [main/DEBUG] [net.minecraftforge.fml.loading.moddiscovery.AbstractJarFileDependencyLocator/]: Failed to load resource META-INF/jarjar/metadata.json from lowcodelanguage-1.20.1-47.3.7.jar, it does not contain dependency information.
[24Apr2025 23:53:57.022] [main/DEBUG] [net.minecraftforge.fml.loading.moddiscovery.ModFileParser/LOADING]: Considering mod file candidate 
[24Apr2025 23:53:57.023] [main/DEBUG] [net.minecraftforge.fml.loading.moddiscovery.ModFileInfo/LOADING]: Found valid mod file mixinextras-forge-0.3.6.jar with {mixinextras} mods - versions {0.3.6}
[24Apr2025 23:53:57.024] [main/DEBUG] [net.minecraftforge.fml.loading.moddiscovery.ModFileParser/LOADING]: Considering mod file candidate 
[24Apr2025 23:53:57.025] [main/DEBUG] [net.minecraftforge.fml.loading.moddiscovery.ModFileInfo/LOADING]: Found valid mod file mixinsquared-forge-0.1.1.jar with {mixinsquared} mods - versions {0.1.1}
[24Apr2025 23:53:57.100] [main/DEBUG] [net.minecraftforge.fml.loading.moddiscovery.ModFileParser/LOADING]: Considering mod file candidate 
[24Apr2025 23:53:57.101] [main/DEBUG] [net.minecraftforge.fml.loading.moddiscovery.ModFileInfo/LOADING]: Found valid mod file mixinextras-forge-0.3.6.jar with {mixinextras} mods - versions {0.3.6}
[24Apr2025 23:53:57.104] [main/DEBUG] [net.minecraftforge.fml.loading.moddiscovery.ModFileParser/LOADING]: Considering mod file candidate 
[24Apr2025 23:53:57.104] [main/DEBUG] [net.minecraftforge.fml.loading.moddiscovery.ModFileInfo/LOADING]: Found valid mod file crackerslib-forge-1.20.1-0.4.1.jar with {crackerslib} mods - versions {1.20.1-0.4.1}
[24Apr2025 23:53:57.107] [main/DEBUG] [net.minecraftforge.fml.loading.moddiscovery.ModFileParser/LOADING]: Considering mod file candidate 
[24Apr2025 23:53:57.107] [main/DEBUG] [net.minecraftforge.fml.loading.moddiscovery.ModFileInfo/LOADING]: Found valid mod file mixinextras-forge-0.2.0-beta.6.jar with {mixinextras} mods - versions {0.2.0-beta.6}
[24Apr2025 23:53:57.109] [main/DEBUG] [net.minecraftforge.fml.loading.moddiscovery.ModFileParser/LOADING]: Considering mod file candidate 
[24Apr2025 23:53:57.109] [main/DEBUG] [net.minecraftforge.fml.loading.moddiscovery.ModFileInfo/LOADING]: Found valid mod file kuma-api-forge-20.1.10+1.20.1.jar with {kuma_api} mods - versions {20.1.10}
[24Apr2025 23:53:57.115] [main/DEBUG] [net.minecraftforge.fml.loading.moddiscovery.AbstractJarFileDependencyLocator/]: Failed to load resource META-INF/jarjar/metadata.json from jgrapht-core-1.5.2.jar, it does not contain dependency information.
[24Apr2025 23:53:57.115] [main/DEBUG] [net.minecraftforge.fml.loading.moddiscovery.AbstractJarFileDependencyLocator/]: Failed to load resource META-INF/jarjar/metadata.json from jheaps-0.14.jar, it does not contain dependency information.
[24Apr2025 23:53:57.115] [main/DEBUG] [net.minecraftforge.fml.loading.moddiscovery.AbstractJarFileDependencyLocator/]: Failed to load resource META-INF/jarjar/metadata.json from apfloat-1.10.1.jar, it does not contain dependency information.
[24Apr2025 23:53:57.119] [main/DEBUG] [net.minecraftforge.fml.loading.moddiscovery.AbstractJarFileDependencyLocator/]: Failed to load resource META-INF/jarjar/metadata.json from crackerslib-forge-1.20.1-0.4.1.jar, it does not contain dependency information.
[24Apr2025 23:53:57.122] [main/DEBUG] [net.minecraftforge.fml.loading.moddiscovery.AbstractJarFileDependencyLocator/]: Failed to load resource META-INF/jarjar/metadata.json from kuma-api-forge-20.1.10+1.20.1.jar, it does not contain dependency information.
[24Apr2025 23:53:57.122] [main/DEBUG] [net.minecraftforge.fml.loading.moddiscovery.AbstractJarFileDependencyLocator/]: Failed to load resource META-INF/jarjar/metadata.json from MixinExtras-0.3.6.jar, it does not contain dependency information.
[24Apr2025 23:53:57.122] [main/DEBUG] [net.minecraftforge.fml.loading.moddiscovery.AbstractJarFileDependencyLocator/]: Failed to load resource META-INF/jarjar/metadata.json from MixinSquared-0.1.1.jar, it does not contain dependency information.
[24Apr2025 23:53:57.122] [main/DEBUG] [net.minecraftforge.fml.loading.moddiscovery.AbstractJarFileDependencyLocator/]: Failed to load resource META-INF/jarjar/metadata.json from MixinExtras-0.3.6.jar, it does not contain dependency information.
[24Apr2025 23:53:57.122] [main/DEBUG] [net.minecraftforge.fml.loading.moddiscovery.AbstractJarFileDependencyLocator/]: Failed to load resource META-INF/jarjar/metadata.json from MixinExtras-0.2.0-beta.6.jar, it does not contain dependency information.
[24Apr2025 23:53:57.152] [main/DEBUG] [net.minecraftforge.fml.loading.moddiscovery.ModFileParser/LOADING]: Considering mod file candidate 
[24Apr2025 23:53:57.153] [main/DEBUG] [net.minecraftforge.fml.loading.moddiscovery.ModFileInfo/LOADING]: Found valid mod file mixinsquared-forge-0.1.1.jar with {mixinsquared} mods - versions {0.1.1}
[24Apr2025 23:53:57.154] [main/DEBUG] [net.minecraftforge.fml.loading.moddiscovery.ModFileParser/LOADING]: Considering mod file candidate 
[24Apr2025 23:53:57.154] [main/DEBUG] [net.minecraftforge.fml.loading.moddiscovery.ModFileInfo/LOADING]: Found valid mod file mixinextras-forge-0.3.6.jar with {mixinextras} mods - versions {0.3.6}
[24Apr2025 23:53:57.155] [main/DEBUG] [net.minecraftforge.fml.loading.moddiscovery.ModFileParser/LOADING]: Considering mod file candidate 
[24Apr2025 23:53:57.156] [main/DEBUG] [net.minecraftforge.fml.loading.moddiscovery.ModFileInfo/LOADING]: Found valid mod file kuma-api-forge-20.1.10+1.20.1.jar with {kuma_api} mods - versions {20.1.10}
[24Apr2025 23:53:57.184] [main/DEBUG] [net.minecraftforge.fml.loading.moddiscovery.ModFileParser/LOADING]: Considering mod file candidate 
[24Apr2025 23:53:57.185] [main/DEBUG] [net.minecraftforge.fml.loading.moddiscovery.ModFileInfo/LOADING]: Found valid mod file mixinextras-forge-0.2.0-beta.6.jar with {mixinextras} mods - versions {0.2.0-beta.6}
[24Apr2025 23:53:57.189] [main/DEBUG] [net.minecraftforge.fml.loading.moddiscovery.ModFileParser/LOADING]: Considering mod file candidate 
[24Apr2025 23:53:57.190] [main/DEBUG] [net.minecraftforge.fml.loading.moddiscovery.ModFileInfo/LOADING]: Found valid mod file crackerslib-forge-1.20.1-0.4.1.jar with {crackerslib} mods - versions {1.20.1-0.4.1}
[24Apr2025 23:53:57.191] [main/WARN] [net.minecraftforge.jarjar.selection.JarSelector/]: Attempted to select two dependency jars from JarJar which have the same identification: Mod File:  and Mod File: . Using Mod File: 
[24Apr2025 23:53:57.193] [main/INFO] [net.minecraftforge.fml.loading.moddiscovery.JarInJarDependencyLocator/]: Found 9 dependencies adding them to mods collection
[24Apr2025 23:53:57.195] [main/DEBUG] [net.minecraftforge.fml.loading.moddiscovery.ModFileParser/LOADING]: Considering mod file candidate /workspaces/LASBESTIAS/servidor_minecraft/mods/totw_modded-forge-1.20.1-1.0.6.jar
[24Apr2025 23:53:57.196] [main/DEBUG] [net.minecraftforge.fml.loading.moddiscovery.ModFileInfo/LOADING]: Found valid mod file totw_modded-forge-1.20.1-1.0.6.jar with {totw_modded} mods - versions {1.0.6}
[24Apr2025 23:53:57.200] [main/DEBUG] [net.minecraftforge.fml.loading.moddiscovery.ModFile/LOADING]: Loading mod file /workspaces/LASBESTIAS/servidor_minecraft/mods/totw_modded-forge-1.20.1-1.0.6.jar with languages [LanguageSpec[languageName=javafml, acceptedVersions=[47,)]]
[24Apr2025 23:53:57.201] [main/DEBUG] [net.minecraftforge.fml.loading.moddiscovery.ModFileParser/LOADING]: Considering mod file candidate 
[24Apr2025 23:53:57.202] [main/DEBUG] [net.minecraftforge.fml.loading.moddiscovery.ModFileInfo/LOADING]: Found valid mod file kuma-api-forge-20.1.10+1.20.1.jar with {kuma_api} mods - versions {20.1.10}
[24Apr2025 23:53:57.202] [main/DEBUG] [net.minecraftforge.fml.loading.moddiscovery.ModFile/LOADING]: Loading mod file  with languages [LanguageSpec[languageName=javafml, acceptedVersions=[47,)]]
[24Apr2025 23:53:57.202] [main/DEBUG] [net.minecraftforge.fml.loading.moddiscovery.ModFileParser/LOADING]: Considering mod file candidate /workspaces/LASBESTIAS/servidor_minecraft/mods/exlinecopperequipment-forge-1.20.1-v2.0.8.jar
[24Apr2025 23:53:57.203] [main/DEBUG] [net.minecraftforge.fml.loading.moddiscovery.ModFileInfo/LOADING]: Found valid mod file exlinecopperequipment-forge-1.20.1-v2.0.8.jar with {exlinecopperequipment} mods - versions {2.0.8}
[24Apr2025 23:53:57.203] [main/DEBUG] [net.minecraftforge.fml.loading.moddiscovery.ModFile/LOADING]: Loading mod file /workspaces/LASBESTIAS/servidor_minecraft/mods/exlinecopperequipment-forge-1.20.1-v2.0.8.jar with languages [LanguageSpec[languageName=javafml, acceptedVersions=[47,)]]
[24Apr2025 23:53:57.203] [main/DEBUG] [net.minecraftforge.fml.loading.moddiscovery.ModFileParser/LOADING]: Considering mod file candidate /workspaces/LASBESTIAS/servidor_minecraft/mods/Incendium_1.20.x_v5.3.5.jar
[24Apr2025 23:53:57.204] [main/DEBUG] [net.minecraftforge.fml.loading.moddiscovery.ModFileInfo/LOADING]: Found valid mod file Incendium_1.20.x_v5.3.5.jar with {incendium} mods - versions {5.3.5}
[24Apr2025 23:53:57.204] [main/DEBUG] [net.minecraftforge.fml.loading.moddiscovery.ModFile/LOADING]: Loading mod file /workspaces/LASBESTIAS/servidor_minecraft/mods/Incendium_1.20.x_v5.3.5.jar with languages [LanguageSpec[languageName=lowcodefml, acceptedVersions=[1,)]]
[24Apr2025 23:53:57.204] [main/DEBUG] [net.minecraftforge.fml.loading.moddiscovery.ModFileParser/LOADING]: Considering mod file candidate /workspaces/LASBESTIAS/servidor_minecraft/mods/stalwart-dungeons-1.20.1-1.2.8.jar
[24Apr2025 23:53:57.204] [main/DEBUG] [net.minecraftforge.fml.loading.moddiscovery.ModFileInfo/LOADING]: Found valid mod file stalwart-dungeons-1.20.1-1.2.8.jar with {stalwart_dungeons} mods - versions {1.2.8}
[24Apr2025 23:53:57.205] [main/DEBUG] [net.minecraftforge.fml.loading.moddiscovery.ModFile/LOADING]: Loading mod file /workspaces/LASBESTIAS/servidor_minecraft/mods/stalwart-dungeons-1.20.1-1.2.8.jar with languages [LanguageSpec[languageName=javafml, acceptedVersions=[47,)]]
[24Apr2025 23:53:57.205] [main/DEBUG] [net.minecraftforge.fml.loading.moddiscovery.ModFileParser/LOADING]: Considering mod file candidate /workspaces/LASBESTIAS/servidor_minecraft/mods/Structory_1.20.x_v1.3.5.jar
[24Apr2025 23:53:57.205] [main/DEBUG] [net.minecraftforge.fml.loading.moddiscovery.ModFileInfo/LOADING]: Found valid mod file Structory_1.20.x_v1.3.5.jar with {structory} mods - versions {1.3.5}
[24Apr2025 23:53:57.205] [main/DEBUG] [net.minecraftforge.fml.loading.moddiscovery.ModFile/LOADING]: Loading mod file /workspaces/LASBESTIAS/servidor_minecraft/mods/Structory_1.20.x_v1.3.5.jar with languages [LanguageSpec[languageName=lowcodefml, acceptedVersions=[1,)]]
[24Apr2025 23:53:57.206] [main/DEBUG] [net.minecraftforge.fml.loading.moddiscovery.ModFileParser/LOADING]: Considering mod file candidate /workspaces/LASBESTIAS/servidor_minecraft/mods/Dungeon Now Loading-forge-1.20.1-1.5.jar
[24Apr2025 23:53:57.206] [main/DEBUG] [net.minecraftforge.fml.loading.moddiscovery.ModFileInfo/LOADING]: Found valid mod file Dungeon Now Loading-forge-1.20.1-1.5.jar with {dungeonnowloading} mods - versions {1.5}
[24Apr2025 23:53:57.206] [main/DEBUG] [net.minecraftforge.fml.loading.moddiscovery.ModFile/LOADING]: Loading mod file /workspaces/LASBESTIAS/servidor_minecraft/mods/Dungeon Now Loading-forge-1.20.1-1.5.jar with languages [LanguageSpec[languageName=javafml, acceptedVersions=[46,)]]
[24Apr2025 23:53:57.206] [main/DEBUG] [net.minecraftforge.fml.loading.moddiscovery.ModFileParser/LOADING]: Considering mod file candidate /workspaces/LASBESTIAS/servidor_minecraft/mods/XaerosWorldMap_1.39.4_Forge_1.20.jar
[24Apr2025 23:53:57.207] [main/DEBUG] [net.minecraftforge.fml.loading.moddiscovery.ModFileInfo/LOADING]: Found valid mod file XaerosWorldMap_1.39.4_Forge_1.20.jar with {xaeroworldmap} mods - versions {1.39.4}
[24Apr2025 23:53:57.207] [main/DEBUG] [net.minecraftforge.fml.loading.moddiscovery.ModFile/LOADING]: Loading mod file /workspaces/LASBESTIAS/servidor_minecraft/mods/XaerosWorldMap_1.39.4_Forge_1.20.jar with languages [LanguageSpec[languageName=javafml, acceptedVersions=[46,48)]]
[24Apr2025 23:53:57.209] [main/DEBUG] [net.minecraftforge.fml.loading.moddiscovery.ModFileParser/LOADING]: Found coremod xaeroworldmap_core with Javascript path META-INF/xaeroworldmap_core.js
[24Apr2025 23:53:57.209] [main/DEBUG] [net.minecraftforge.fml.loading.moddiscovery.ModFile/LOADING]: Found coremod META-INF/xaeroworldmap_core.js
[24Apr2025 23:53:57.209] [main/DEBUG] [net.minecraftforge.fml.loading.moddiscovery.ModFileParser/LOADING]: Considering mod file candidate 
[24Apr2025 23:53:57.210] [main/DEBUG] [net.minecraftforge.fml.loading.moddiscovery.ModFileInfo/LOADING]: Found valid mod file crackerslib-forge-1.20.1-0.4.1.jar with {crackerslib} mods - versions {1.20.1-0.4.1}
[24Apr2025 23:53:57.210] [main/DEBUG] [net.minecraftforge.fml.loading.moddiscovery.ModFile/LOADING]: Loading mod file  with languages [LanguageSpec[languageName=javafml, acceptedVersions=[47,)]]
[24Apr2025 23:53:57.210] [main/DEBUG] [net.minecraftforge.fml.loading.moddiscovery.ModFileParser/LOADING]: Considering mod file candidate /workspaces/LASBESTIAS/servidor_minecraft/mods/Dungeon Crawl-1.20.1-2.3.15.jar
[24Apr2025 23:53:57.211] [main/DEBUG] [net.minecraftforge.fml.loading.moddiscovery.ModFileInfo/LOADING]: Found valid mod file Dungeon Crawl-1.20.1-2.3.15.jar with {dungeoncrawl} mods - versions {2.3.15}
[24Apr2025 23:53:57.211] [main/DEBUG] [net.minecraftforge.fml.loading.moddiscovery.ModFile/LOADING]: Loading mod file /workspaces/LASBESTIAS/servidor_minecraft/mods/Dungeon Crawl-1.20.1-2.3.15.jar with languages [LanguageSpec[languageName=javafml, acceptedVersions=[47,)]]
[24Apr2025 23:53:57.211] [main/DEBUG] [net.minecraftforge.fml.loading.moddiscovery.ModFileParser/LOADING]: Considering mod file candidate /workspaces/LASBESTIAS/servidor_minecraft/mods/GlitchCore-forge-1.20.1-0.0.1.1.jar
[24Apr2025 23:53:57.212] [main/DEBUG] [net.minecraftforge.fml.loading.moddiscovery.ModFileInfo/LOADING]: Found valid mod file GlitchCore-forge-1.20.1-0.0.1.1.jar with {glitchcore} mods - versions {0.0.1.1}
[24Apr2025 23:53:57.212] [main/DEBUG] [net.minecraftforge.fml.loading.moddiscovery.ModFile/LOADING]: Loading mod file /workspaces/LASBESTIAS/servidor_minecraft/mods/GlitchCore-forge-1.20.1-0.0.1.1.jar with languages [LanguageSpec[languageName=javafml, acceptedVersions=[47,)]]
[24Apr2025 23:53:57.212] [main/DEBUG] [net.minecraftforge.fml.loading.moddiscovery.ModFileParser/LOADING]: Considering mod file candidate /workspaces/LASBESTIAS/servidor_minecraft/mods/balm-forge-1.20.1-7.3.27-all.jar
[24Apr2025 23:53:57.212] [main/DEBUG] [net.minecraftforge.fml.loading.moddiscovery.ModFileInfo/LOADING]: Found valid mod file balm-forge-1.20.1-7.3.27-all.jar with {balm} mods - versions {7.3.27}
[24Apr2025 23:53:57.212] [main/DEBUG] [net.minecraftforge.fml.loading.moddiscovery.ModFile/LOADING]: Loading mod file /workspaces/LASBESTIAS/servidor_minecraft/mods/balm-forge-1.20.1-7.3.27-all.jar with languages [LanguageSpec[languageName=javafml, acceptedVersions=[46,)]]
[24Apr2025 23:53:57.213] [main/DEBUG] [net.minecraftforge.fml.loading.moddiscovery.ModFileParser/LOADING]: Considering mod file candidate /workspaces/LASBESTIAS/servidor_minecraft/mods/Terralith_1.20.x_v2.5.4.jar
[24Apr2025 23:53:57.213] [main/DEBUG] [net.minecraftforge.fml.loading.moddiscovery.ModFileInfo/LOADING]: Found valid mod file Terralith_1.20.x_v2.5.4.jar with {terralith} mods - versions {2.5.4}
[24Apr2025 23:53:57.213] [main/DEBUG] [net.minecraftforge.fml.loading.moddiscovery.ModFile/LOADING]: Loading mod file /workspaces/LASBESTIAS/servidor_minecraft/mods/Terralith_1.20.x_v2.5.4.jar with languages [LanguageSpec[languageName=lowcodefml, acceptedVersions=[1,)]]
[24Apr2025 23:53:57.213] [main/DEBUG] [net.minecraftforge.fml.loading.moddiscovery.ModFileParser/LOADING]: Considering mod file candidate /workspaces/LASBESTIAS/servidor_minecraft/mods/azurelib-neo-1.20.1-2.0.41.jar
[24Apr2025 23:53:57.214] [main/DEBUG] [net.minecraftforge.fml.loading.moddiscovery.ModFileInfo/LOADING]: Found valid mod file azurelib-neo-1.20.1-2.0.41.jar with {azurelib} mods - versions {2.0.41}
[24Apr2025 23:53:57.214] [main/DEBUG] [net.minecraftforge.fml.loading.moddiscovery.ModFile/LOADING]: Loading mod file /workspaces/LASBESTIAS/servidor_minecraft/mods/azurelib-neo-1.20.1-2.0.41.jar with languages [LanguageSpec[languageName=javafml, acceptedVersions=[47,)]]
[24Apr2025 23:53:57.214] [main/DEBUG] [net.minecraftforge.fml.loading.moddiscovery.ModFileParser/LOADING]: Considering mod file candidate /workspaces/LASBESTIAS/servidor_minecraft/mods/carryon-forge-1.20.1-2.1.2.7.jar
[24Apr2025 23:53:57.214] [main/DEBUG] [net.minecraftforge.fml.loading.moddiscovery.ModFileInfo/LOADING]: Found valid mod file carryon-forge-1.20.1-2.1.2.7.jar with {carryon} mods - versions {2.1.2.7}
[24Apr2025 23:53:57.215] [main/DEBUG] [net.minecraftforge.fml.loading.moddiscovery.ModFile/LOADING]: Loading mod file /workspaces/LASBESTIAS/servidor_minecraft/mods/carryon-forge-1.20.1-2.1.2.7.jar with languages [LanguageSpec[languageName=javafml, acceptedVersions=[46,)]]
[24Apr2025 23:53:57.215] [main/DEBUG] [net.minecraftforge.fml.loading.moddiscovery.ModFileParser/LOADING]: Considering mod file candidate /workspaces/LASBESTIAS/servidor_minecraft/mods/DungeonsAriseSevenSeas-1.20.x-1.0.2-forge.jar
[24Apr2025 23:53:57.215] [main/DEBUG] [net.minecraftforge.fml.loading.moddiscovery.ModFileInfo/LOADING]: Found valid mod file DungeonsAriseSevenSeas-1.20.x-1.0.2-forge.jar with {dungeons_arise_seven_seas} mods - versions {1.0.2}
[24Apr2025 23:53:57.215] [main/DEBUG] [net.minecraftforge.fml.loading.moddiscovery.ModFile/LOADING]: Loading mod file /workspaces/LASBESTIAS/servidor_minecraft/mods/DungeonsAriseSevenSeas-1.20.x-1.0.2-forge.jar with languages [LanguageSpec[languageName=javafml, acceptedVersions=[43,)]]
[24Apr2025 23:53:57.215] [main/DEBUG] [net.minecraftforge.fml.loading.moddiscovery.ModFileParser/LOADING]: Considering mod file candidate /workspaces/LASBESTIAS/servidor_minecraft/libraries/net/minecraftforge/forge/1.20.1-47.3.7/forge-1.20.1-47.3.7-universal.jar
[24Apr2025 23:53:57.216] [main/DEBUG] [net.minecraftforge.fml.loading.moddiscovery.ModFileInfo/LOADING]: Found valid mod file forge-1.20.1-47.3.7-universal.jar with {forge} mods - versions {47.3.7}
[24Apr2025 23:53:57.216] [main/DEBUG] [net.minecraftforge.fml.loading.moddiscovery.ModFile/LOADING]: Loading mod file /workspaces/LASBESTIAS/servidor_minecraft/libraries/net/minecraftforge/forge/1.20.1-47.3.7/forge-1.20.1-47.3.7-universal.jar with languages [LanguageSpec[languageName=javafml, acceptedVersions=[24,]]]
[24Apr2025 23:53:57.216] [main/DEBUG] [net.minecraftforge.fml.loading.moddiscovery.ModFileParser/LOADING]: Found coremod field_to_method with Javascript path coremods/field_to_method.js
[24Apr2025 23:53:57.217] [main/DEBUG] [net.minecraftforge.fml.loading.moddiscovery.ModFileParser/LOADING]: Found coremod field_to_instanceof with Javascript path coremods/field_to_instanceof.js
[24Apr2025 23:53:57.217] [main/DEBUG] [net.minecraftforge.fml.loading.moddiscovery.ModFileParser/LOADING]: Found coremod add_bouncer_method with Javascript path coremods/add_bouncer_method.js
[24Apr2025 23:53:57.217] [main/DEBUG] [net.minecraftforge.fml.loading.moddiscovery.ModFileParser/LOADING]: Found coremod method_redirector with Javascript path coremods/method_redirector.js
[24Apr2025 23:53:57.217] [main/DEBUG] [net.minecraftforge.fml.loading.moddiscovery.ModFile/LOADING]: Found coremod coremods/field_to_method.js
[24Apr2025 23:53:57.217] [main/DEBUG] [net.minecraftforge.fml.loading.moddiscovery.ModFile/LOADING]: Found coremod coremods/field_to_instanceof.js
[24Apr2025 23:53:57.217] [main/DEBUG] [net.minecraftforge.fml.loading.moddiscovery.ModFile/LOADING]: Found coremod coremods/add_bouncer_method.js
[24Apr2025 23:53:57.217] [main/DEBUG] [net.minecraftforge.fml.loading.moddiscovery.ModFile/LOADING]: Found coremod coremods/method_redirector.js
[24Apr2025 23:53:57.217] [main/DEBUG] [net.minecraftforge.fml.loading.moddiscovery.ModFileParser/LOADING]: Considering mod file candidate /workspaces/LASBESTIAS/servidor_minecraft/mods/Pati_structures_1.3.0_forge_1.20.jar
[24Apr2025 23:53:57.217] [main/DEBUG] [net.minecraftforge.fml.loading.moddiscovery.ModFileInfo/LOADING]: Found valid mod file Pati_structures_1.3.0_forge_1.20.jar with {ati_structuresv} mods - versions {1.0.0}
[24Apr2025 23:53:57.218] [main/DEBUG] [net.minecraftforge.fml.loading.moddiscovery.ModFile/LOADING]: Loading mod file /workspaces/LASBESTIAS/servidor_minecraft/mods/Pati_structures_1.3.0_forge_1.20.jar with languages [LanguageSpec[languageName=javafml, acceptedVersions=[47,)]]
[24Apr2025 23:53:57.218] [main/DEBUG] [net.minecraftforge.fml.loading.moddiscovery.ModFileParser/LOADING]: Considering mod file candidate /workspaces/LASBESTIAS/servidor_minecraft/mods/supplementaries-1.20-3.1.26.jar
[24Apr2025 23:53:57.218] [main/DEBUG] [net.minecraftforge.fml.loading.moddiscovery.ModFileInfo/LOADING]: Found valid mod file supplementaries-1.20-3.1.26.jar with {supplementaries} mods - versions {1.20-3.1.26}
[24Apr2025 23:53:57.219] [main/DEBUG] [net.minecraftforge.fml.loading.moddiscovery.ModFile/LOADING]: Loading mod file /workspaces/LASBESTIAS/servidor_minecraft/mods/supplementaries-1.20-3.1.26.jar with languages [LanguageSpec[languageName=javafml, acceptedVersions=[4,)]]
[24Apr2025 23:53:57.219] [main/DEBUG] [net.minecraftforge.fml.loading.moddiscovery.ModFileParser/LOADING]: Considering mod file candidate /workspaces/LASBESTIAS/servidor_minecraft/mods/twilightforest-1.20.1-4.3.2508-universal.jar
[24Apr2025 23:53:57.219] [main/DEBUG] [net.minecraftforge.fml.loading.moddiscovery.ModFileInfo/LOADING]: Found valid mod file twilightforest-1.20.1-4.3.2508-universal.jar with {twilightforest} mods - versions {4.3.2508}
[24Apr2025 23:53:57.219] [main/DEBUG] [net.minecraftforge.fml.loading.moddiscovery.ModFile/LOADING]: Loading mod file /workspaces/LASBESTIAS/servidor_minecraft/mods/twilightforest-1.20.1-4.3.2508-universal.jar with languages [LanguageSpec[languageName=javafml, acceptedVersions=[47,)]]
[24Apr2025 23:53:57.220] [main/DEBUG] [net.minecraftforge.fml.loading.moddiscovery.ModFileParser/LOADING]: Found coremod seed with Javascript path META-INF/asm/seed.js
[24Apr2025 23:53:57.220] [main/DEBUG] [net.minecraftforge.fml.loading.moddiscovery.ModFileParser/LOADING]: Found coremod maprendercontext with Javascript path META-INF/asm/maprendercontext.js
[24Apr2025 23:53:57.220] [main/DEBUG] [net.minecraftforge.fml.loading.moddiscovery.ModFileParser/LOADING]: Found coremod music with Javascript path META-INF/asm/music.js
[24Apr2025 23:53:57.220] [main/DEBUG] [net.minecraftforge.fml.loading.moddiscovery.ModFileParser/LOADING]: Found coremod multipart with Javascript path META-INF/asm/multipart.js
[24Apr2025 23:53:57.220] [main/DEBUG] [net.minecraftforge.fml.loading.moddiscovery.ModFileParser/LOADING]: Found coremod foliage with Javascript path META-INF/asm/foliage.js
[24Apr2025 23:53:57.220] [main/DEBUG] [net.minecraftforge.fml.loading.moddiscovery.ModFileParser/LOADING]: Found coremod mount with Javascript path META-INF/asm/mount.js
[24Apr2025 23:53:57.220] [main/DEBUG] [net.minecraftforge.fml.loading.moddiscovery.ModFileParser/LOADING]: Found coremod book with Javascript path META-INF/asm/book.js
[24Apr2025 23:53:57.220] [main/DEBUG] [net.minecraftforge.fml.loading.moddiscovery.ModFileParser/LOADING]: Found coremod conquered with Javascript path META-INF/asm/conquered.js
[24Apr2025 23:53:57.220] [main/DEBUG] [net.minecraftforge.fml.loading.moddiscovery.ModFileParser/LOADING]: Found coremod reach with Javascript path META-INF/asm/reach.js
[24Apr2025 23:53:57.221] [main/DEBUG] [net.minecraftforge.fml.loading.moddiscovery.ModFileParser/LOADING]: Found coremod shroom with Javascript path META-INF/asm/shroom.js
[24Apr2025 23:53:57.221] [main/DEBUG] [net.minecraftforge.fml.loading.moddiscovery.ModFileParser/LOADING]: Found coremod cloud with Javascript path META-INF/asm/cloud.js
[24Apr2025 23:53:57.221] [main/DEBUG] [net.minecraftforge.fml.loading.moddiscovery.ModFileParser/LOADING]: Found coremod lead with Javascript path META-INF/asm/lead.js
[24Apr2025 23:53:57.221] [main/DEBUG] [net.minecraftforge.fml.loading.moddiscovery.ModFile/LOADING]: Found coremod META-INF/asm/seed.js
[24Apr2025 23:53:57.221] [main/DEBUG] [net.minecraftforge.fml.loading.moddiscovery.ModFile/LOADING]: Found coremod META-INF/asm/maprendercontext.js
[24Apr2025 23:53:57.221] [main/DEBUG] [net.minecraftforge.fml.loading.moddiscovery.ModFile/LOADING]: Found coremod META-INF/asm/music.js
[24Apr2025 23:53:57.221] [main/DEBUG] [net.minecraftforge.fml.loading.moddiscovery.ModFile/LOADING]: Found coremod META-INF/asm/multipart.js
[24Apr2025 23:53:57.221] [main/DEBUG] [net.minecraftforge.fml.loading.moddiscovery.ModFile/LOADING]: Found coremod META-INF/asm/foliage.js
[24Apr2025 23:53:57.221] [main/DEBUG] [net.minecraftforge.fml.loading.moddiscovery.ModFile/LOADING]: Found coremod META-INF/asm/mount.js
[24Apr2025 23:53:57.221] [main/DEBUG] [net.minecraftforge.fml.loading.moddiscovery.ModFile/LOADING]: Found coremod META-INF/asm/book.js
[24Apr2025 23:53:57.221] [main/DEBUG] [net.minecraftforge.fml.loading.moddiscovery.ModFile/LOADING]: Found coremod META-INF/asm/conquered.js
[24Apr2025 23:53:57.221] [main/DEBUG] [net.minecraftforge.fml.loading.moddiscovery.ModFile/LOADING]: Found coremod META-INF/asm/reach.js
[24Apr2025 23:53:57.221] [main/DEBUG] [net.minecraftforge.fml.loading.moddiscovery.ModFile/LOADING]: Found coremod META-INF/asm/shroom.js
[24Apr2025 23:53:57.221] [main/DEBUG] [net.minecraftforge.fml.loading.moddiscovery.ModFile/LOADING]: Found coremod META-INF/asm/cloud.js
[24Apr2025 23:53:57.221] [main/DEBUG] [net.minecraftforge.fml.loading.moddiscovery.ModFile/LOADING]: Found coremod META-INF/asm/lead.js
[24Apr2025 23:53:57.221] [main/DEBUG] [net.minecraftforge.fml.loading.moddiscovery.ModFileParser/LOADING]: Considering mod file candidate /workspaces/LASBESTIAS/servidor_minecraft/mods/PrettyPipes-1.15.0-all.jar
[24Apr2025 23:53:57.222] [main/DEBUG] [net.minecraftforge.fml.loading.moddiscovery.ModFileInfo/LOADING]: Found valid mod file PrettyPipes-1.15.0-all.jar with {prettypipes} mods - versions {1.15.0}
[24Apr2025 23:53:57.222] [main/DEBUG] [net.minecraftforge.fml.loading.moddiscovery.ModFile/LOADING]: Loading mod file /workspaces/LASBESTIAS/servidor_minecraft/mods/PrettyPipes-1.15.0-all.jar with languages [LanguageSpec[languageName=javafml, acceptedVersions=[47,)]]
[24Apr2025 23:53:57.222] [main/DEBUG] [net.minecraftforge.fml.loading.moddiscovery.ModFileParser/LOADING]: Considering mod file candidate /workspaces/LASBESTIAS/servidor_minecraft/mods/corpse-forge-1.20.1-1.0.20.jar
[24Apr2025 23:53:57.223] [main/DEBUG] [net.minecraftforge.fml.loading.moddiscovery.ModFileInfo/LOADING]: Found valid mod file corpse-forge-1.20.1-1.0.20.jar with {corpse} mods - versions {1.20.1-1.0.20}
[24Apr2025 23:53:57.223] [main/DEBUG] [net.minecraftforge.fml.loading.moddiscovery.ModFile/LOADING]: Loading mod file /workspaces/LASBESTIAS/servidor_minecraft/mods/corpse-forge-1.20.1-1.0.20.jar with languages [LanguageSpec[languageName=javafml, acceptedVersions=*]]
[24Apr2025 23:53:57.223] [main/DEBUG] [net.minecraftforge.fml.loading.moddiscovery.ModFileParser/LOADING]: Considering mod file candidate /workspaces/LASBESTIAS/servidor_minecraft/mods/structure_gel-1.20.1-2.16.2.jar
[24Apr2025 23:53:57.224] [main/DEBUG] [net.minecraftforge.fml.loading.moddiscovery.ModFileInfo/LOADING]: Found valid mod file structure_gel-1.20.1-2.16.2.jar with {structure_gel} mods - versions {2.16.2}
[24Apr2025 23:53:57.224] [main/DEBUG] [net.minecraftforge.fml.loading.moddiscovery.ModFile/LOADING]: Loading mod file /workspaces/LASBESTIAS/servidor_minecraft/mods/structure_gel-1.20.1-2.16.2.jar with languages [LanguageSpec[languageName=javafml, acceptedVersions=[47,)]]
[24Apr2025 23:53:57.224] [main/DEBUG] [net.minecraftforge.fml.loading.moddiscovery.ModFileParser/LOADING]: Considering mod file candidate /workspaces/LASBESTIAS/servidor_minecraft/mods/DungeonsArise-1.20.1-2.1.57-release.jar
[24Apr2025 23:53:57.225] [main/DEBUG] [net.minecraftforge.fml.loading.moddiscovery.ModFileInfo/LOADING]: Found valid mod file DungeonsArise-1.20.1-2.1.57-release.jar with {dungeons_arise} mods - versions {2.1.57-1.20.1}
[24Apr2025 23:53:57.225] [main/DEBUG] [net.minecraftforge.fml.loading.moddiscovery.ModFile/LOADING]: Loading mod file /workspaces/LASBESTIAS/servidor_minecraft/mods/DungeonsArise-1.20.1-2.1.57-release.jar with languages [LanguageSpec[languageName=javafml, acceptedVersions=[41,)]]
[24Apr2025 23:53:57.225] [main/DEBUG] [net.minecraftforge.fml.loading.moddiscovery.ModFileInfo/LOADING]: Found valid mod file server-1.20.1-20230612.114412-srg.jar with {minecraft} mods - versions {1.20.1}
[24Apr2025 23:53:57.225] [main/DEBUG] [net.minecraftforge.fml.loading.moddiscovery.ModFile/LOADING]: Loading mod file /workspaces/LASBESTIAS/servidor_minecraft/libraries/net/minecraft/server/1.20.1-20230612.114412/server-1.20.1-20230612.114412-srg.jar with languages [LanguageSpec[languageName=minecraft, acceptedVersions=1]]
[24Apr2025 23:53:57.226] [main/DEBUG] [net.minecraftforge.fml.loading.moddiscovery.ModFileParser/LOADING]: Considering mod file candidate /workspaces/LASBESTIAS/servidor_minecraft/mods/moonlight-1.20-2.13.81-forge.jar
[24Apr2025 23:53:57.226] [main/DEBUG] [net.minecraftforge.fml.loading.moddiscovery.ModFileInfo/LOADING]: Found valid mod file moonlight-1.20-2.13.81-forge.jar with {moonlight} mods - versions {1.20-2.13.81}
[24Apr2025 23:53:57.226] [main/DEBUG] [net.minecraftforge.fml.loading.moddiscovery.ModFile/LOADING]: Loading mod file /workspaces/LASBESTIAS/servidor_minecraft/mods/moonlight-1.20-2.13.81-forge.jar with languages [LanguageSpec[languageName=javafml, acceptedVersions=[40,)]]
[24Apr2025 23:53:57.226] [main/DEBUG] [net.minecraftforge.fml.loading.moddiscovery.ModFileParser/LOADING]: Considering mod file candidate /workspaces/LASBESTIAS/servidor_minecraft/mods/TerraBlender-forge-1.20.1-3.0.1.10.jar
[24Apr2025 23:53:57.227] [main/DEBUG] [net.minecraftforge.fml.loading.moddiscovery.ModFileInfo/LOADING]: Found valid mod file TerraBlender-forge-1.20.1-3.0.1.10.jar with {terrablender} mods - versions {3.0.1.10}
[24Apr2025 23:53:57.227] [main/DEBUG] [net.minecraftforge.fml.loading.moddiscovery.ModFile/LOADING]: Loading mod file /workspaces/LASBESTIAS/servidor_minecraft/mods/TerraBlender-forge-1.20.1-3.0.1.10.jar with languages [LanguageSpec[languageName=javafml, acceptedVersions=[47,)]]
[24Apr2025 23:53:57.227] [main/DEBUG] [net.minecraftforge.fml.loading.moddiscovery.ModFileParser/LOADING]: Considering mod file candidate /workspaces/LASBESTIAS/servidor_minecraft/mods/BiomesOPlenty-forge-1.20.1-19.0.0.96.jar
[24Apr2025 23:53:57.227] [main/DEBUG] [net.minecraftforge.fml.loading.moddiscovery.ModFileInfo/LOADING]: Found valid mod file BiomesOPlenty-forge-1.20.1-19.0.0.96.jar with {biomesoplenty} mods - versions {19.0.0.96}
[24Apr2025 23:53:57.228] [main/DEBUG] [net.minecraftforge.fml.loading.moddiscovery.ModFile/LOADING]: Loading mod file /workspaces/LASBESTIAS/servidor_minecraft/mods/BiomesOPlenty-forge-1.20.1-19.0.0.96.jar with languages [LanguageSpec[languageName=javafml, acceptedVersions=[47,)]]
[24Apr2025 23:53:57.228] [main/DEBUG] [net.minecraftforge.fml.loading.moddiscovery.ModFileParser/LOADING]: Considering mod file candidate /workspaces/LASBESTIAS/servidor_minecraft/mods/Jade-1.20.1-Forge-11.13.1.jar
[24Apr2025 23:53:57.228] [main/DEBUG] [net.minecraftforge.fml.loading.moddiscovery.ModFileInfo/LOADING]: Found valid mod file Jade-1.20.1-Forge-11.13.1.jar with {jade} mods - versions {11.13.1+forge}
[24Apr2025 23:53:57.228] [main/DEBUG] [net.minecraftforge.fml.loading.moddiscovery.ModFile/LOADING]: Loading mod file /workspaces/LASBESTIAS/servidor_minecraft/mods/Jade-1.20.1-Forge-11.13.1.jar with languages [LanguageSpec[languageName=javafml, acceptedVersions=[46,)]]
[24Apr2025 23:53:57.228] [main/DEBUG] [net.minecraftforge.fml.loading.moddiscovery.ModFileParser/LOADING]: Considering mod file candidate /workspaces/LASBESTIAS/servidor_minecraft/mods/Obscure-Tooltips-2.2.jar
[24Apr2025 23:53:57.229] [main/DEBUG] [net.minecraftforge.fml.loading.moddiscovery.ModFileInfo/LOADING]: Found valid mod file Obscure-Tooltips-2.2.jar with {obscure_tooltips} mods - versions {2.2}
[24Apr2025 23:53:57.229] [main/DEBUG] [net.minecraftforge.fml.loading.moddiscovery.ModFile/LOADING]: Loading mod file /workspaces/LASBESTIAS/servidor_minecraft/mods/Obscure-Tooltips-2.2.jar with languages [LanguageSpec[languageName=javafml, acceptedVersions=[47,)]]
[24Apr2025 23:53:57.229] [main/DEBUG] [net.minecraftforge.fml.loading.moddiscovery.ModFileParser/LOADING]: Considering mod file candidate /workspaces/LASBESTIAS/servidor_minecraft/mods/dungeons-and-taverns-stronghold-rework-1 [Forge].jar
[24Apr2025 23:53:57.230] [main/DEBUG] [net.minecraftforge.fml.loading.moddiscovery.ModFileInfo/LOADING]: Found valid mod file dungeons-and-taverns-stronghold-rework-1 [Forge].jar with {mr_dungeons_andtavernsstrongholdrework} mods - versions {1}
[24Apr2025 23:53:57.230] [main/DEBUG] [net.minecraftforge.fml.loading.moddiscovery.ModFile/LOADING]: Loading mod file /workspaces/LASBESTIAS/servidor_minecraft/mods/dungeons-and-taverns-stronghold-rework-1 [Forge].jar with languages [LanguageSpec[languageName=lowcodefml, acceptedVersions=[40,)]]
[24Apr2025 23:53:57.230] [main/DEBUG] [net.minecraftforge.fml.loading.moddiscovery.ModFileParser/LOADING]: Considering mod file candidate /workspaces/LASBESTIAS/servidor_minecraft/mods/HopoBetterRuinedPortals-[1.20-1.20.2]-1.3.7b.jar
[24Apr2025 23:53:57.230] [main/DEBUG] [net.minecraftforge.fml.loading.moddiscovery.ModFileInfo/LOADING]: Found valid mod file HopoBetterRuinedPortals-[1.20-1.20.2]-1.3.7b.jar with {hoporp} mods - versions {1.3.7}
[24Apr2025 23:53:57.230] [main/DEBUG] [net.minecraftforge.fml.loading.moddiscovery.ModFile/LOADING]: Loading mod file /workspaces/LASBESTIAS/servidor_minecraft/mods/HopoBetterRuinedPortals-[1.20-1.20.2]-1.3.7b.jar with languages [LanguageSpec[languageName=javafml, acceptedVersions=[38,)]]
[24Apr2025 23:53:57.230] [main/DEBUG] [net.minecraftforge.fml.loading.moddiscovery.ModFileParser/LOADING]: Considering mod file candidate /workspaces/LASBESTIAS/servidor_minecraft/mods/cleanswing-1.20-1.8.jar
[24Apr2025 23:53:57.231] [main/DEBUG] [net.minecraftforge.fml.loading.moddiscovery.ModFileInfo/LOADING]: Found valid mod file cleanswing-1.20-1.8.jar with {cleanswing} mods - versions {1.8}
[24Apr2025 23:53:57.231] [main/DEBUG] [net.minecraftforge.fml.loading.moddiscovery.ModFile/LOADING]: Loading mod file /workspaces/LASBESTIAS/servidor_minecraft/mods/cleanswing-1.20-1.8.jar with languages [LanguageSpec[languageName=javafml, acceptedVersions=[36,)]]
[24Apr2025 23:53:57.231] [main/DEBUG] [net.minecraftforge.fml.loading.moddiscovery.ModFileParser/LOADING]: Considering mod file candidate /workspaces/LASBESTIAS/servidor_minecraft/mods/dungeons_enhanced-1.20.1-5.4.0.jar
[24Apr2025 23:53:57.232] [main/DEBUG] [net.minecraftforge.fml.loading.moddiscovery.ModFileInfo/LOADING]: Found valid mod file dungeons_enhanced-1.20.1-5.4.0.jar with {dungeons_enhanced} mods - versions {5.4.0}
[24Apr2025 23:53:57.232] [main/DEBUG] [net.minecraftforge.fml.loading.moddiscovery.ModFile/LOADING]: Loading mod file /workspaces/LASBESTIAS/servidor_minecraft/mods/dungeons_enhanced-1.20.1-5.4.0.jar with languages [LanguageSpec[languageName=javafml, acceptedVersions=[47,)]]
[24Apr2025 23:53:57.232] [main/DEBUG] [net.minecraftforge.fml.loading.moddiscovery.ModFileParser/LOADING]: Considering mod file candidate /workspaces/LASBESTIAS/servidor_minecraft/mods/noanimaltemptdelay-1.20.1-1.2.jar
[24Apr2025 23:53:57.233] [main/DEBUG] [net.minecraftforge.fml.loading.moddiscovery.ModFileInfo/LOADING]: Found valid mod file noanimaltemptdelay-1.20.1-1.2.jar with {noanimaltemptdelay} mods - versions {1.2}
[24Apr2025 23:53:57.233] [main/DEBUG] [net.minecraftforge.fml.loading.moddiscovery.ModFile/LOADING]: Loading mod file /workspaces/LASBESTIAS/servidor_minecraft/mods/noanimaltemptdelay-1.20.1-1.2.jar with languages [LanguageSpec[languageName=javafml, acceptedVersions=*]]
[24Apr2025 23:53:57.233] [main/DEBUG] [net.minecraftforge.fml.loading.moddiscovery.ModFileParser/LOADING]: Considering mod file candidate /workspaces/LASBESTIAS/servidor_minecraft/mods/from-another-world-1.2A.1-forge.jar
[24Apr2025 23:53:57.233] [main/DEBUG] [net.minecraftforge.fml.loading.moddiscovery.ModFileInfo/LOADING]: Found valid mod file from-another-world-1.2A.1-forge.jar with {fromanotherworld} mods - versions {1.2A.1-forge}
[24Apr2025 23:53:57.234] [main/DEBUG] [net.minecraftforge.fml.loading.moddiscovery.ModFile/LOADING]: Loading mod file /workspaces/LASBESTIAS/servidor_minecraft/mods/from-another-world-1.2A.1-forge.jar with languages [LanguageSpec[languageName=javafml, acceptedVersions=[45,)]]
[24Apr2025 23:53:57.234] [main/DEBUG] [net.minecraftforge.fml.loading.moddiscovery.ModFileParser/LOADING]: Considering mod file candidate /workspaces/LASBESTIAS/servidor_minecraft/mods/Xaeros_Minimap_25.2.0_Forge_1.20.jar
[24Apr2025 23:53:57.234] [main/DEBUG] [net.minecraftforge.fml.loading.moddiscovery.ModFileInfo/LOADING]: Found valid mod file Xaeros_Minimap_25.2.0_Forge_1.20.jar with {xaerominimap} mods - versions {25.2.0}
[24Apr2025 23:53:57.234] [main/DEBUG] [net.minecraftforge.fml.loading.moddiscovery.ModFile/LOADING]: Loading mod file /workspaces/LASBESTIAS/servidor_minecraft/mods/Xaeros_Minimap_25.2.0_Forge_1.20.jar with languages [LanguageSpec[languageName=javafml, acceptedVersions=[46,48)]]
[24Apr2025 23:53:57.235] [main/DEBUG] [net.minecraftforge.fml.loading.moddiscovery.ModFileParser/LOADING]: Found coremod xaerohud_core with Javascript path META-INF/xaerohud_core.js
[24Apr2025 23:53:57.235] [main/DEBUG] [net.minecraftforge.fml.loading.moddiscovery.ModFile/LOADING]: Found coremod META-INF/xaerohud_core.js
[24Apr2025 23:53:57.235] [main/DEBUG] [net.minecraftforge.fml.loading.moddiscovery.ModFileParser/LOADING]: Considering mod file candidate /workspaces/LASBESTIAS/servidor_minecraft/mods/collective-1.20.1-7.78.jar
[24Apr2025 23:53:57.235] [main/DEBUG] [net.minecraftforge.fml.loading.moddiscovery.ModFileInfo/LOADING]: Found valid mod file collective-1.20.1-7.78.jar with {collective} mods - versions {7.78}
[24Apr2025 23:53:57.235] [main/DEBUG] [net.minecraftforge.fml.loading.moddiscovery.ModFile/LOADING]: Loading mod file /workspaces/LASBESTIAS/servidor_minecraft/mods/collective-1.20.1-7.78.jar with languages [LanguageSpec[languageName=javafml, acceptedVersions=*]]
[24Apr2025 23:53:57.235] [main/DEBUG] [net.minecraftforge.fml.loading.moddiscovery.ModFileParser/LOADING]: Considering mod file candidate /workspaces/LASBESTIAS/servidor_minecraft/mods/advancednetherite-forge-2.1.3-1.20.1.jar
[24Apr2025 23:53:57.236] [main/DEBUG] [net.minecraftforge.fml.loading.moddiscovery.ModFileInfo/LOADING]: Found valid mod file advancednetherite-forge-2.1.3-1.20.1.jar with {advancednetherite} mods - versions {2.1.3}
[24Apr2025 23:53:57.236] [main/DEBUG] [net.minecraftforge.fml.loading.moddiscovery.ModFile/LOADING]: Loading mod file /workspaces/LASBESTIAS/servidor_minecraft/mods/advancednetherite-forge-2.1.3-1.20.1.jar with languages [LanguageSpec[languageName=javafml, acceptedVersions=[47,)]]
[24Apr2025 23:53:57.236] [main/DEBUG] [net.minecraftforge.fml.loading.moddiscovery.ModFileParser/LOADING]: Considering mod file candidate /workspaces/LASBESTIAS/servidor_minecraft/mods/camera-forge-1.20.1-1.0.19.jar
[24Apr2025 23:53:57.236] [main/DEBUG] [net.minecraftforge.fml.loading.moddiscovery.ModFileInfo/LOADING]: Found valid mod file camera-forge-1.20.1-1.0.19.jar with {camera} mods - versions {1.20.1-1.0.19}
[24Apr2025 23:53:57.237] [main/DEBUG] [net.minecraftforge.fml.loading.moddiscovery.ModFile/LOADING]: Loading mod file /workspaces/LASBESTIAS/servidor_minecraft/mods/camera-forge-1.20.1-1.0.19.jar with languages [LanguageSpec[languageName=javafml, acceptedVersions=*]]
[24Apr2025 23:53:57.237] [main/DEBUG] [net.minecraftforge.fml.loading.moddiscovery.ModFileParser/LOADING]: Considering mod file candidate /workspaces/LASBESTIAS/servidor_minecraft/mods/Measurements-forge-1.20.1-2.0.1.jar
[24Apr2025 23:53:57.237] [main/DEBUG] [net.minecraftforge.fml.loading.moddiscovery.ModFileInfo/LOADING]: Found valid mod file Measurements-forge-1.20.1-2.0.1.jar with {measurements} mods - versions {2.0.1}
[24Apr2025 23:53:57.237] [main/DEBUG] [net.minecraftforge.fml.loading.moddiscovery.ModFile/LOADING]: Loading mod file /workspaces/LASBESTIAS/servidor_minecraft/mods/Measurements-forge-1.20.1-2.0.1.jar with languages [LanguageSpec[languageName=javafml, acceptedVersions=[46,)]]
[24Apr2025 23:53:57.237] [main/DEBUG] [net.minecraftforge.fml.loading.moddiscovery.ModFileParser/LOADING]: Considering mod file candidate /workspaces/LASBESTIAS/servidor_minecraft/mods/StorageDrawers-1.20.1-12.9.13.jar
[24Apr2025 23:53:57.238] [main/DEBUG] [net.minecraftforge.fml.loading.moddiscovery.ModFileInfo/LOADING]: Found valid mod file StorageDrawers-1.20.1-12.9.13.jar with {storagedrawers} mods - versions {12.9.13}
[24Apr2025 23:53:57.238] [main/DEBUG] [net.minecraftforge.fml.loading.moddiscovery.ModFile/LOADING]: Loading mod file /workspaces/LASBESTIAS/servidor_minecraft/mods/StorageDrawers-1.20.1-12.9.13.jar with languages [LanguageSpec[languageName=javafml, acceptedVersions=[47,)]]
[24Apr2025 23:53:57.238] [main/DEBUG] [net.minecraftforge.fml.loading.moddiscovery.ModFileParser/LOADING]: Considering mod file candidate /workspaces/LASBESTIAS/servidor_minecraft/mods/dungeons-and-taverns-3.0.3.f[Forge].jar
[24Apr2025 23:53:57.238] [main/DEBUG] [net.minecraftforge.fml.loading.moddiscovery.ModFileInfo/LOADING]: Found valid mod file dungeons-and-taverns-3.0.3.f[Forge].jar with {mr_dungeons_andtaverns} mods - versions {3.0.3.f}
[24Apr2025 23:53:57.239] [main/DEBUG] [net.minecraftforge.fml.loading.moddiscovery.ModFile/LOADING]: Loading mod file /workspaces/LASBESTIAS/servidor_minecraft/mods/dungeons-and-taverns-3.0.3.f[Forge].jar with languages [LanguageSpec[languageName=lowcodefml, acceptedVersions=[40,)]]
[24Apr2025 23:53:57.239] [main/DEBUG] [net.minecraftforge.fml.loading.moddiscovery.ModFileParser/LOADING]: Considering mod file candidate /workspaces/LASBESTIAS/servidor_minecraft/mods/witherstormmod-1.20.1-4.2.1-all.jar
[24Apr2025 23:53:57.239] [main/DEBUG] [net.minecraftforge.fml.loading.moddiscovery.ModFileInfo/LOADING]: Found valid mod file witherstormmod-1.20.1-4.2.1-all.jar with {witherstormmod} mods - versions {4.2.1}
[24Apr2025 23:53:57.239] [main/DEBUG] [net.minecraftforge.fml.loading.moddiscovery.ModFile/LOADING]: Loading mod file /workspaces/LASBESTIAS/servidor_minecraft/mods/witherstormmod-1.20.1-4.2.1-all.jar with languages [LanguageSpec[languageName=javafml, acceptedVersions=[47,)]]
[24Apr2025 23:53:57.239] [main/DEBUG] [net.minecraftforge.fml.loading.moddiscovery.ModFileParser/LOADING]: Considering mod file candidate /workspaces/LASBESTIAS/servidor_minecraft/mods/spore_1.20.1_2.1.4c.jar
[24Apr2025 23:53:57.240] [main/DEBUG] [net.minecraftforge.fml.loading.moddiscovery.ModFileInfo/LOADING]: Found valid mod file spore_1.20.1_2.1.4c.jar with {spore} mods - versions {2.1.4}
[24Apr2025 23:53:57.240] [main/DEBUG] [net.minecraftforge.fml.loading.moddiscovery.ModFile/LOADING]: Loading mod file /workspaces/LASBESTIAS/servidor_minecraft/mods/spore_1.20.1_2.1.4c.jar with languages [LanguageSpec[languageName=javafml, acceptedVersions=[47,)]]
[24Apr2025 23:53:57.240] [main/DEBUG] [net.minecraftforge.fml.loading.moddiscovery.ModFileParser/LOADING]: Considering mod file candidate /workspaces/LASBESTIAS/servidor_minecraft/mods/FromAnotherLibrary-forge-1.20.1-1.0.2.jar
[24Apr2025 23:53:57.241] [main/DEBUG] [net.minecraftforge.fml.loading.moddiscovery.ModFileInfo/LOADING]: Found valid mod file FromAnotherLibrary-forge-1.20.1-1.0.2.jar with {fromanotherlibrary} mods - versions {1.0.2}
[24Apr2025 23:53:57.241] [main/DEBUG] [net.minecraftforge.fml.loading.moddiscovery.ModFile/LOADING]: Loading mod file /workspaces/LASBESTIAS/servidor_minecraft/mods/FromAnotherLibrary-forge-1.20.1-1.0.2.jar with languages [LanguageSpec[languageName=javafml, acceptedVersions=[47,)]]
[24Apr2025 23:53:57.241] [main/DEBUG] [net.minecraftforge.fml.loading.moddiscovery.ModFileParser/LOADING]: Considering mod file candidate /workspaces/LASBESTIAS/servidor_minecraft/mods/extra_dungeons-1.0.6-forge-1.20.1.jar
[24Apr2025 23:53:57.241] [main/DEBUG] [net.minecraftforge.fml.loading.moddiscovery.ModFileInfo/LOADING]: Found valid mod file extra_dungeons-1.0.6-forge-1.20.1.jar with {extra_dungeons} mods - versions {1.0.6}
[24Apr2025 23:53:57.242] [main/DEBUG] [net.minecraftforge.fml.loading.moddiscovery.ModFile/LOADING]: Loading mod file /workspaces/LASBESTIAS/servidor_minecraft/mods/extra_dungeons-1.0.6-forge-1.20.1.jar with languages [LanguageSpec[languageName=javafml, acceptedVersions=[47,)]]
[24Apr2025 23:53:57.242] [main/DEBUG] [net.minecraftforge.fml.loading.moddiscovery.ModFileParser/LOADING]: Considering mod file candidate /workspaces/LASBESTIAS/servidor_minecraft/mods/FallingTree-1.20.1-4.3.4.jar
[24Apr2025 23:53:57.242] [main/DEBUG] [net.minecraftforge.fml.loading.moddiscovery.ModFileInfo/LOADING]: Found valid mod file FallingTree-1.20.1-4.3.4.jar with {fallingtree} mods - versions {4.3.4}
[24Apr2025 23:53:57.242] [main/DEBUG] [net.minecraftforge.fml.loading.moddiscovery.ModFile/LOADING]: Loading mod file /workspaces/LASBESTIAS/servidor_minecraft/mods/FallingTree-1.20.1-4.3.4.jar with languages [LanguageSpec[languageName=javafml, acceptedVersions=[47,)]]
[24Apr2025 23:53:57.242] [main/DEBUG] [net.minecraftforge.fml.loading.moddiscovery.ModFile/LOADING]: Loading mod file  with languages []
[24Apr2025 23:53:57.243] [main/DEBUG] [net.minecraftforge.fml.loading.moddiscovery.ModFileParser/LOADING]: Considering mod file candidate 
[24Apr2025 23:53:57.243] [main/DEBUG] [net.minecraftforge.fml.loading.moddiscovery.ModFileInfo/LOADING]: Found valid mod file mixinextras-forge-0.3.6.jar with {mixinextras} mods - versions {0.3.6}
[24Apr2025 23:53:57.243] [main/DEBUG] [net.minecraftforge.fml.loading.moddiscovery.ModFile/LOADING]: Loading mod file  with languages [LanguageSpec[languageName=javafml, acceptedVersions=*]]
[24Apr2025 23:53:57.243] [main/DEBUG] [net.minecraftforge.fml.loading.moddiscovery.ModFile/LOADING]: Loading mod file  with languages []
[24Apr2025 23:53:57.243] [main/DEBUG] [net.minecraftforge.fml.loading.moddiscovery.ModFileParser/LOADING]: Considering mod file candidate 
[24Apr2025 23:53:57.244] [main/DEBUG] [net.minecraftforge.fml.loading.moddiscovery.ModFileInfo/LOADING]: Found valid mod file mixinsquared-forge-0.1.1.jar with {mixinsquared} mods - versions {0.1.1}
[24Apr2025 23:53:57.244] [main/DEBUG] [net.minecraftforge.fml.loading.moddiscovery.ModFile/LOADING]: Loading mod file  with languages [LanguageSpec[languageName=javafml, acceptedVersions=*]]
[24Apr2025 23:53:57.244] [main/DEBUG] [net.minecraftforge.fml.loading.moddiscovery.ModFile/LOADING]: Loading mod file  with languages []
[24Apr2025 23:53:57.244] [main/DEBUG] [net.minecraftforge.fml.loading.moddiscovery.ModFile/LOADING]: Loading mod file  with languages []
[24Apr2025 23:53:57.244] [main/DEBUG] [net.minecraftforge.fml.loading.moddiscovery.ModFile/LOADING]: Loading mod file  with languages []
[24Apr2025 23:53:57.244] [main/DEBUG] [net.minecraftforge.fml.loading.moddiscovery.ModFile/LOADING]: Loading mod file  with languages []
[24Apr2025 23:53:57.244] [main/DEBUG] [net.minecraftforge.fml.loading.moddiscovery.ModFileParser/LOADING]: Considering mod file candidate 
[24Apr2025 23:53:57.244] [main/DEBUG] [net.minecraftforge.fml.loading.moddiscovery.ModFileInfo/LOADING]: Found valid mod file mixinextras-forge-0.3.6.jar with {mixinextras} mods - versions {0.3.6}
[24Apr2025 23:53:57.245] [main/DEBUG] [net.minecraftforge.fml.loading.moddiscovery.ModFile/LOADING]: Loading mod file  with languages [LanguageSpec[languageName=javafml, acceptedVersions=*]]
[24Apr2025 23:53:57.245] [main/DEBUG] [net.minecraftforge.fml.loading.moddiscovery.ModFile/LOADING]: Loading mod file  with languages []
[24Apr2025 23:53:57.245] [main/DEBUG] [net.minecraftforge.fml.loading.moddiscovery.ModFileParser/LOADING]: Considering mod file candidate 
[24Apr2025 23:53:57.245] [main/DEBUG] [net.minecraftforge.fml.loading.moddiscovery.ModFileInfo/LOADING]: Found valid mod file mixinsquared-forge-0.1.1.jar with {mixinsquared} mods - versions {0.1.1}
[24Apr2025 23:53:57.245] [main/DEBUG] [net.minecraftforge.fml.loading.moddiscovery.ModFile/LOADING]: Loading mod file  with languages [LanguageSpec[languageName=javafml, acceptedVersions=*]]
[24Apr2025 23:53:57.245] [main/DEBUG] [net.minecraftforge.fml.loading.moddiscovery.ModFile/LOADING]: Loading mod file  with languages []
[24Apr2025 23:53:57.245] [main/DEBUG] [net.minecraftforge.fml.loading.moddiscovery.ModFile/LOADING]: Loading mod file  with languages []
[24Apr2025 23:53:57.246] [main/DEBUG] [net.minecraftforge.fml.loading.moddiscovery.ModFile/LOADING]: Loading mod file  with languages []
[24Apr2025 23:53:57.246] [main/DEBUG] [cpw.mods.modlauncher.TransformationServiceDecorator/MODLAUNCHER]: End scan trigger - transformation service fml
[24Apr2025 23:53:57.258] [main/DEBUG] [net.minecraftforge.fml.loading.LanguageLoadingProvider/CORE]: Found 3 language providers
[24Apr2025 23:53:57.258] [main/DEBUG] [net.minecraftforge.fml.loading.LanguageLoadingProvider/CORE]: Found language provider minecraft, version 1.0
[24Apr2025 23:53:57.259] [main/DEBUG] [net.minecraftforge.fml.loading.LanguageLoadingProvider/CORE]: Found language provider lowcodefml, version 47
[24Apr2025 23:53:57.259] [main/DEBUG] [net.minecraftforge.fml.loading.LanguageLoadingProvider/CORE]: Found language provider javafml, version 47
[24Apr2025 23:53:57.262] [main/DEBUG] [net.minecraftforge.fml.loading.UniqueModListBuilder/]: Found 2 mods for first modid org.apfloat, selecting most recent based on version data
[24Apr2025 23:53:57.263] [main/DEBUG] [net.minecraftforge.fml.loading.UniqueModListBuilder/]: Selected file apfloat-1.10.1.jar for modid org.apfloat with version 1.10.1
[24Apr2025 23:53:57.263] [main/DEBUG] [net.minecraftforge.fml.loading.UniqueModListBuilder/]: Found 2 mods for first modid mixinextras, selecting most recent based on version data
[24Apr2025 23:53:57.263] [main/DEBUG] [net.minecraftforge.fml.loading.UniqueModListBuilder/]: Selected file mixinextras-forge-0.3.6.jar for modid mixinextras with version 0.3.6
[24Apr2025 23:53:57.263] [main/DEBUG] [net.minecraftforge.fml.loading.UniqueModListBuilder/]: Found 2 mods for first modid org.jheaps, selecting most recent based on version data
[24Apr2025 23:53:57.263] [main/DEBUG] [net.minecraftforge.fml.loading.UniqueModListBuilder/]: Selected file jheaps-0.14.jar for modid org.jheaps with version 0.0NONE
[24Apr2025 23:53:57.263] [main/DEBUG] [net.minecraftforge.fml.loading.UniqueModListBuilder/]: Found 2 mods for first modid mixinsquared, selecting most recent based on version data
[24Apr2025 23:53:57.263] [main/DEBUG] [net.minecraftforge.fml.loading.UniqueModListBuilder/]: Selected file mixinsquared-forge-0.1.1.jar for modid mixinsquared with version 0.1.1
[24Apr2025 23:53:57.263] [main/DEBUG] [net.minecraftforge.fml.loading.UniqueModListBuilder/]: Found 2 mods for first modid MixinSquared, selecting most recent based on version data
[24Apr2025 23:53:57.264] [main/DEBUG] [net.minecraftforge.fml.loading.UniqueModListBuilder/]: Selected file MixinSquared-0.1.1.jar for modid MixinSquared with version 0.0NONE
[24Apr2025 23:53:57.264] [main/DEBUG] [net.minecraftforge.fml.loading.UniqueModListBuilder/]: Found 2 mods for first modid org.jgrapht.core, selecting most recent based on version data
[24Apr2025 23:53:57.264] [main/DEBUG] [net.minecraftforge.fml.loading.UniqueModListBuilder/]: Selected file jgrapht-core-1.5.2.jar for modid org.jgrapht.core with version 0.0NONE
[24Apr2025 23:53:57.264] [main/DEBUG] [net.minecraftforge.fml.loading.UniqueModListBuilder/]: Found 2 mods for first modid MixinExtras, selecting most recent based on version data
[24Apr2025 23:53:57.264] [main/DEBUG] [net.minecraftforge.fml.loading.UniqueModListBuilder/]: Selected file MixinExtras-0.3.6.jar for modid MixinExtras with version 0.0NONE
[24Apr2025 23:53:57.266] [main/DEBUG] [net.minecraftforge.fml.loading.ModSorter/]: Configured system mods: [minecraft, forge]
[24Apr2025 23:53:57.266] [main/DEBUG] [net.minecraftforge.fml.loading.ModSorter/]: Found system mod: minecraft
[24Apr2025 23:53:57.266] [main/DEBUG] [net.minecraftforge.fml.loading.ModSorter/]: Found system mod: forge
[24Apr2025 23:53:57.268] [main/DEBUG] [net.minecraftforge.fml.loading.ModSorter/LOADING]: Found 93 mod requirements (74 mandatory, 19 optional)
[24Apr2025 23:53:57.269] [main/DEBUG] [net.minecraftforge.fml.loading.ModSorter/LOADING]: Found 0 mod requirements missing (0 mandatory, 0 optional)
[24Apr2025 23:53:57.791] [main/DEBUG] [cpw.mods.modlauncher.TransformationServicesHandler/MODLAUNCHER]: Transformation services loading transformers
[24Apr2025 23:53:57.791] [main/DEBUG] [cpw.mods.modlauncher.TransformationServiceDecorator/MODLAUNCHER]: Initializing transformers for transformation service mixin
[24Apr2025 23:53:57.792] [main/DEBUG] [cpw.mods.modlauncher.TransformationServiceDecorator/MODLAUNCHER]: Initialized transformers for transformation service mixin
[24Apr2025 23:53:57.792] [main/DEBUG] [cpw.mods.modlauncher.TransformationServiceDecorator/MODLAUNCHER]: Initializing transformers for transformation service fml
[24Apr2025 23:53:57.792] [main/DEBUG] [net.minecraftforge.fml.loading.FMLServiceProvider/CORE]: Loading coremod transformers
[24Apr2025 23:53:57.792] [main/DEBUG] [net.minecraftforge.coremod.CoreModEngine/COREMOD]: Loading CoreMod from META-INF/xaeroworldmap_core.js
[24Apr2025 23:53:58.086] [main/DEBUG] [net.minecraftforge.coremod.CoreModEngine/COREMOD]: CoreMod loaded successfully
[24Apr2025 23:53:58.086] [main/DEBUG] [net.minecraftforge.coremod.CoreModEngine/COREMOD]: Loading CoreMod from coremods/field_to_method.js
[24Apr2025 23:53:58.109] [main/DEBUG] [net.minecraftforge.coremod.CoreModEngine/COREMOD]: CoreMod loaded successfully
[24Apr2025 23:53:58.109] [main/DEBUG] [net.minecraftforge.coremod.CoreModEngine/COREMOD]: Loading CoreMod from coremods/field_to_instanceof.js
[24Apr2025 23:53:58.155] [main/DEBUG] [net.minecraftforge.coremod.CoreModEngine/COREMOD]: CoreMod loaded successfully
[24Apr2025 23:53:58.155] [main/DEBUG] [net.minecraftforge.coremod.CoreModEngine/COREMOD]: Loading CoreMod from coremods/add_bouncer_method.js
[24Apr2025 23:53:58.185] [main/DEBUG] [net.minecraftforge.coremod.CoreModEngine/COREMOD]: CoreMod loaded successfully
[24Apr2025 23:53:58.185] [main/DEBUG] [net.minecraftforge.coremod.CoreModEngine/COREMOD]: Loading CoreMod from coremods/method_redirector.js
[24Apr2025 23:53:58.247] [main/DEBUG] [net.minecraftforge.coremod.CoreModEngine/COREMOD]: CoreMod loaded successfully
[24Apr2025 23:53:58.247] [main/DEBUG] [net.minecraftforge.coremod.CoreModEngine/COREMOD]: Loading CoreMod from META-INF/asm/seed.js
[24Apr2025 23:53:58.259] [main/DEBUG] [net.minecraftforge.coremod.CoreModEngine/COREMOD]: CoreMod loaded successfully
[24Apr2025 23:53:58.259] [main/DEBUG] [net.minecraftforge.coremod.CoreModEngine/COREMOD]: Loading CoreMod from META-INF/asm/maprendercontext.js
[24Apr2025 23:53:58.286] [main/DEBUG] [net.minecraftforge.coremod.CoreModEngine/COREMOD]: CoreMod loaded successfully
[24Apr2025 23:53:58.286] [main/DEBUG] [net.minecraftforge.coremod.CoreModEngine/COREMOD]: Loading CoreMod from META-INF/asm/music.js
[24Apr2025 23:53:58.296] [main/DEBUG] [net.minecraftforge.coremod.CoreModEngine/COREMOD]: CoreMod loaded successfully
[24Apr2025 23:53:58.296] [main/DEBUG] [net.minecraftforge.coremod.CoreModEngine/COREMOD]: Loading CoreMod from META-INF/asm/multipart.js
[24Apr2025 23:53:58.330] [main/DEBUG] [net.minecraftforge.coremod.CoreModEngine/COREMOD]: CoreMod loaded successfully
[24Apr2025 23:53:58.330] [main/DEBUG] [net.minecraftforge.coremod.CoreModEngine/COREMOD]: Loading CoreMod from META-INF/asm/foliage.js
[24Apr2025 23:53:58.341] [main/DEBUG] [net.minecraftforge.coremod.CoreModEngine/COREMOD]: CoreMod loaded successfully
[24Apr2025 23:53:58.341] [main/DEBUG] [net.minecraftforge.coremod.CoreModEngine/COREMOD]: Loading CoreMod from META-INF/asm/mount.js
[24Apr2025 23:53:58.357] [main/DEBUG] [net.minecraftforge.coremod.CoreModEngine/COREMOD]: CoreMod loaded successfully
[24Apr2025 23:53:58.357] [main/DEBUG] [net.minecraftforge.coremod.CoreModEngine/COREMOD]: Loading CoreMod from META-INF/asm/book.js
[24Apr2025 23:53:58.376] [main/DEBUG] [net.minecraftforge.coremod.CoreModEngine/COREMOD]: CoreMod loaded successfully
[24Apr2025 23:53:58.377] [main/DEBUG] [net.minecraftforge.coremod.CoreModEngine/COREMOD]: Loading CoreMod from META-INF/asm/conquered.js
[24Apr2025 23:53:58.390] [main/DEBUG] [net.minecraftforge.coremod.CoreModEngine/COREMOD]: CoreMod loaded successfully
[24Apr2025 23:53:58.390] [main/DEBUG] [net.minecraftforge.coremod.CoreModEngine/COREMOD]: Loading CoreMod from META-INF/asm/reach.js
[24Apr2025 23:53:58.400] [main/DEBUG] [net.minecraftforge.coremod.CoreModEngine/COREMOD]: CoreMod loaded successfully
[24Apr2025 23:53:58.400] [main/DEBUG] [net.minecraftforge.coremod.CoreModEngine/COREMOD]: Loading CoreMod from META-INF/asm/shroom.js
[24Apr2025 23:53:58.409] [main/DEBUG] [net.minecraftforge.coremod.CoreModEngine/COREMOD]: CoreMod loaded successfully
[24Apr2025 23:53:58.409] [main/DEBUG] [net.minecraftforge.coremod.CoreModEngine/COREMOD]: Loading CoreMod from META-INF/asm/cloud.js
[24Apr2025 23:53:58.419] [main/DEBUG] [net.minecraftforge.coremod.CoreModEngine/COREMOD]: CoreMod loaded successfully
[24Apr2025 23:53:58.419] [main/DEBUG] [net.minecraftforge.coremod.CoreModEngine/COREMOD]: Loading CoreMod from META-INF/asm/lead.js
[24Apr2025 23:53:58.428] [main/DEBUG] [net.minecraftforge.coremod.CoreModEngine/COREMOD]: CoreMod loaded successfully
[24Apr2025 23:53:58.428] [main/DEBUG] [net.minecraftforge.coremod.CoreModEngine/COREMOD]: Loading CoreMod from META-INF/xaerohud_core.js
[24Apr2025 23:53:58.486] [main/DEBUG] [net.minecraftforge.coremod.CoreModEngine/COREMOD]: CoreMod loaded successfully
[24Apr2025 23:53:58.498] [main/DEBUG] [cpw.mods.modlauncher.TransformStore/MODLAUNCHER]: Adding transformer net.minecraftforge.coremod.transformer.CoreModClassTransformer@3a788fe0 to Target : CLASS {Lnet/minecraft/world/level/chunk/LevelChunk;} {} {V}
[24Apr2025 23:53:58.499] [main/DEBUG] [cpw.mods.modlauncher.TransformStore/MODLAUNCHER]: Adding transformer net.minecraftforge.coremod.transformer.CoreModClassTransformer@497ed877 to Target : CLASS {Lnet/minecraft/client/multiplayer/ClientPacketListener;} {} {V}
[24Apr2025 23:53:58.500] [main/DEBUG] [cpw.mods.modlauncher.TransformStore/MODLAUNCHER]: Adding transformer net.minecraftforge.coremod.transformer.CoreModClassTransformer@3cb6e0ee to Target : CLASS {Lnet/minecraft/client/multiplayer/ClientLevel;} {} {V}
[24Apr2025 23:53:58.500] [main/DEBUG] [cpw.mods.modlauncher.TransformStore/MODLAUNCHER]: Adding transformer net.minecraftforge.coremod.transformer.CoreModClassTransformer@7b6141f0 to Target : CLASS {Lnet/minecraft/network/protocol/game/ClientboundSectionBlocksUpdatePacket;} {} {V}
[24Apr2025 23:53:58.500] [main/DEBUG] [cpw.mods.modlauncher.TransformStore/MODLAUNCHER]: Adding transformer net.minecraftforge.coremod.transformer.CoreModClassTransformer@4fb64a52 to Target : CLASS {Lnet/minecraft/client/gui/components/CycleButton;} {} {V}
[24Apr2025 23:53:58.500] [main/DEBUG] [cpw.mods.modlauncher.TransformStore/MODLAUNCHER]: Adding transformer net.minecraftforge.coremod.transformer.CoreModClassTransformer@70b48eb3 to Target : CLASS {Lnet/minecraft/server/MinecraftServer;} {} {V}
[24Apr2025 23:53:58.500] [main/DEBUG] [cpw.mods.modlauncher.TransformStore/MODLAUNCHER]: Adding transformer net.minecraftforge.coremod.transformer.CoreModClassTransformer@7b8ea1db to Target : CLASS {Lnet/minecraft/server/level/ServerPlayer;} {} {V}
[24Apr2025 23:53:58.500] [main/DEBUG] [cpw.mods.modlauncher.TransformStore/MODLAUNCHER]: Adding transformer net.minecraftforge.coremod.transformer.CoreModClassTransformer@a91119b to Target : CLASS {Lnet/minecraft/client/Minecraft;} {} {V}
[24Apr2025 23:53:58.500] [main/DEBUG] [cpw.mods.modlauncher.TransformStore/MODLAUNCHER]: Adding transformer net.minecraftforge.coremod.transformer.CoreModClassTransformer@77083e41 to Target : CLASS {Lnet/minecraft/server/level/ServerLevel;} {} {V}
[24Apr2025 23:53:58.501] [main/DEBUG] [cpw.mods.modlauncher.TransformStore/MODLAUNCHER]: Adding transformer net.minecraftforge.coremod.transformer.CoreModClassTransformer@231df705 to Target : CLASS {Lnet/minecraft/world/level/biome/Biome;} {} {V}
[24Apr2025 23:53:58.501] [main/DEBUG] [cpw.mods.modlauncher.TransformStore/MODLAUNCHER]: Adding transformer net.minecraftforge.coremod.transformer.CoreModClassTransformer@2d130ac4 to Target : CLASS {Lnet/minecraft/world/level/levelgen/structure/Structure;} {} {V}
[24Apr2025 23:53:58.501] [main/DEBUG] [cpw.mods.modlauncher.TransformStore/MODLAUNCHER]: Adding transformer net.minecraftforge.coremod.transformer.CoreModClassTransformer@2f0ccb34 to Target : CLASS {Lnet/minecraft/world/effect/MobEffectInstance;} {} {V}
[24Apr2025 23:53:58.501] [main/DEBUG] [cpw.mods.modlauncher.TransformStore/MODLAUNCHER]: Adding transformer net.minecraftforge.coremod.transformer.CoreModClassTransformer@194012a2 to Target : CLASS {Lnet/minecraft/world/level/block/LiquidBlock;} {} {V}
[24Apr2025 23:53:58.501] [main/DEBUG] [cpw.mods.modlauncher.TransformStore/MODLAUNCHER]: Adding transformer net.minecraftforge.coremod.transformer.CoreModClassTransformer@55296b50 to Target : CLASS {Lnet/minecraft/world/item/BucketItem;} {} {V}
[24Apr2025 23:53:58.501] [main/DEBUG] [cpw.mods.modlauncher.TransformStore/MODLAUNCHER]: Adding transformer net.minecraftforge.coremod.transformer.CoreModClassTransformer@60591e1b to Target : CLASS {Lnet/minecraft/world/level/block/StairBlock;} {} {V}
[24Apr2025 23:53:58.501] [main/DEBUG] [cpw.mods.modlauncher.TransformStore/MODLAUNCHER]: Adding transformer net.minecraftforge.coremod.transformer.CoreModClassTransformer@29c53c4f to Target : CLASS {Lnet/minecraft/world/level/block/FlowerPotBlock;} {} {V}
[24Apr2025 23:53:58.501] [main/DEBUG] [cpw.mods.modlauncher.TransformStore/MODLAUNCHER]: Adding transformer net.minecraftforge.coremod.transformer.CoreModClassTransformer@3009eed7 to Target : CLASS {Lnet/minecraft/world/item/ItemStack;} {} {V}
[24Apr2025 23:53:58.501] [main/DEBUG] [cpw.mods.modlauncher.TransformStore/MODLAUNCHER]: Adding transformer net.minecraftforge.coremod.transformer.CoreModClassTransformer@2ee4706d to Target : CLASS {Lnet/minecraft/network/play/client/CClientSettingsPacket;} {} {V}
[24Apr2025 23:53:58.502] [main/DEBUG] [cpw.mods.modlauncher.TransformStore/MODLAUNCHER]: Adding transformer net.minecraftforge.coremod.transformer.CoreModClassTransformer@6650a6c to Target : CLASS {Lnet/minecraft/world/entity/npc/CatSpawner;} {} {V}
[24Apr2025 23:53:58.502] [main/DEBUG] [cpw.mods.modlauncher.TransformStore/MODLAUNCHER]: Adding transformer net.minecraftforge.coremod.transformer.CoreModClassTransformer@6650a6c to Target : CLASS {Lnet/minecraft/world/entity/monster/Spider;} {} {V}
[24Apr2025 23:53:58.502] [main/DEBUG] [cpw.mods.modlauncher.TransformStore/MODLAUNCHER]: Adding transformer net.minecraftforge.coremod.transformer.CoreModClassTransformer@6650a6c to Target : CLASS {Lnet/minecraft/world/level/levelgen/structure/structures/WoodlandMansionPieces$WoodlandMansionPiece;} {} {V}
[24Apr2025 23:53:58.502] [main/DEBUG] [cpw.mods.modlauncher.TransformStore/MODLAUNCHER]: Adding transformer net.minecraftforge.coremod.transformer.CoreModClassTransformer@6650a6c to Target : CLASS {Lnet/minecraft/world/entity/monster/Strider;} {} {V}
[24Apr2025 23:53:58.502] [main/DEBUG] [cpw.mods.modlauncher.TransformStore/MODLAUNCHER]: Adding transformer net.minecraftforge.coremod.transformer.CoreModClassTransformer@6650a6c to Target : CLASS {Lnet/minecraft/world/entity/EntityType;} {} {V}
[24Apr2025 23:53:58.502] [main/DEBUG] [cpw.mods.modlauncher.TransformStore/MODLAUNCHER]: Adding transformer net.minecraftforge.coremod.transformer.CoreModClassTransformer@6650a6c to Target : CLASS {Lnet/minecraft/world/entity/npc/Villager;} {} {V}
[24Apr2025 23:53:58.502] [main/DEBUG] [cpw.mods.modlauncher.TransformStore/MODLAUNCHER]: Adding transformer net.minecraftforge.coremod.transformer.CoreModClassTransformer@6650a6c to Target : CLASS {Lnet/minecraft/world/entity/animal/horse/SkeletonTrapGoal;} {} {V}
[24Apr2025 23:53:58.502] [main/DEBUG] [cpw.mods.modlauncher.TransformStore/MODLAUNCHER]: Adding transformer net.minecraftforge.coremod.transformer.CoreModClassTransformer@6650a6c to Target : CLASS {Lnet/minecraft/world/level/levelgen/structure/templatesystem/StructureTemplate;} {} {V}
[24Apr2025 23:53:58.502] [main/DEBUG] [cpw.mods.modlauncher.TransformStore/MODLAUNCHER]: Adding transformer net.minecraftforge.coremod.transformer.CoreModClassTransformer@6650a6c to Target : CLASS {Lnet/minecraft/world/entity/raid/Raid;} {} {V}
[24Apr2025 23:53:58.502] [main/DEBUG] [cpw.mods.modlauncher.TransformStore/MODLAUNCHER]: Adding transformer net.minecraftforge.coremod.transformer.CoreModClassTransformer@6650a6c to Target : CLASS {Lnet/minecraft/world/entity/animal/frog/Tadpole;} {} {V}
[24Apr2025 23:53:58.502] [main/DEBUG] [cpw.mods.modlauncher.TransformStore/MODLAUNCHER]: Adding transformer net.minecraftforge.coremod.transformer.CoreModClassTransformer@6650a6c to Target : CLASS {Lnet/minecraft/world/level/levelgen/PatrolSpawner;} {} {V}
[24Apr2025 23:53:58.503] [main/DEBUG] [cpw.mods.modlauncher.TransformStore/MODLAUNCHER]: Adding transformer net.minecraftforge.coremod.transformer.CoreModClassTransformer@6650a6c to Target : CLASS {Lnet/minecraft/world/level/levelgen/structure/structures/SwampHutPiece;} {} {V}
[24Apr2025 23:53:58.503] [main/DEBUG] [cpw.mods.modlauncher.TransformStore/MODLAUNCHER]: Adding transformer net.minecraftforge.coremod.transformer.CoreModClassTransformer@6650a6c to Target : CLASS {Lnet/minecraft/world/level/levelgen/structure/structures/OceanRuinPieces$OceanRuinPiece;} {} {V}
[24Apr2025 23:53:58.503] [main/DEBUG] [cpw.mods.modlauncher.TransformStore/MODLAUNCHER]: Adding transformer net.minecraftforge.coremod.transformer.CoreModClassTransformer@6650a6c to Target : CLASS {Lnet/minecraft/world/entity/monster/ZombieVillager;} {} {V}
[24Apr2025 23:53:58.503] [main/DEBUG] [cpw.mods.modlauncher.TransformStore/MODLAUNCHER]: Adding transformer net.minecraftforge.coremod.transformer.CoreModClassTransformer@6650a6c to Target : CLASS {Lnet/minecraft/world/entity/monster/Evoker$EvokerSummonSpellGoal;} {} {V}
[24Apr2025 23:53:58.503] [main/DEBUG] [cpw.mods.modlauncher.TransformStore/MODLAUNCHER]: Adding transformer net.minecraftforge.coremod.transformer.CoreModClassTransformer@6650a6c to Target : CLASS {Lnet/minecraft/world/entity/monster/Zombie;} {} {V}
[24Apr2025 23:53:58.503] [main/DEBUG] [cpw.mods.modlauncher.TransformStore/MODLAUNCHER]: Adding transformer net.minecraftforge.coremod.transformer.CoreModClassTransformer@6650a6c to Target : CLASS {Lnet/minecraft/world/level/levelgen/PhantomSpawner;} {} {V}
[24Apr2025 23:53:58.503] [main/DEBUG] [cpw.mods.modlauncher.TransformStore/MODLAUNCHER]: Adding transformer net.minecraftforge.coremod.transformer.CoreModClassTransformer@6650a6c to Target : CLASS {Lnet/minecraft/world/level/levelgen/structure/structures/OceanMonumentPieces$OceanMonumentPiece;} {} {V}
[24Apr2025 23:53:58.503] [main/DEBUG] [cpw.mods.modlauncher.TransformStore/MODLAUNCHER]: Adding transformer net.minecraftforge.coremod.transformer.CoreModClassTransformer@6650a6c to Target : CLASS {Lnet/minecraft/world/entity/ai/village/VillageSiege;} {} {V}
[24Apr2025 23:53:58.503] [main/DEBUG] [cpw.mods.modlauncher.TransformStore/MODLAUNCHER]: Adding transformer net.minecraftforge.coremod.transformer.CoreModClassTransformer@6650a6c to Target : CLASS {Lnet/minecraft/server/commands/RaidCommand;} {} {V}
[24Apr2025 23:53:58.503] [main/DEBUG] [cpw.mods.modlauncher.TransformStore/MODLAUNCHER]: Adding transformer net.minecraftforge.coremod.transformer.CoreModClassTransformer@6650a6c to Target : CLASS {Lnet/minecraft/server/commands/SummonCommand;} {} {V}
[24Apr2025 23:53:58.503] [main/DEBUG] [cpw.mods.modlauncher.TransformStore/MODLAUNCHER]: Adding transformer net.minecraftforge.coremod.transformer.CoreModClassTransformer@6650a6c to Target : CLASS {Lnet/minecraft/world/level/NaturalSpawner;} {} {V}
[24Apr2025 23:53:58.504] [main/DEBUG] [cpw.mods.modlauncher.TransformStore/MODLAUNCHER]: Adding transformer net.minecraftforge.coremod.transformer.CoreModClassTransformer@64279ab to Target : CLASS {Lnet/minecraft/world/level/chunk/LevelChunk;} {} {V}
[24Apr2025 23:53:58.504] [main/DEBUG] [cpw.mods.modlauncher.TransformStore/MODLAUNCHER]: Adding transformer net.minecraftforge.coremod.transformer.CoreModClassTransformer@794240e2 to Target : CLASS {Lnet/minecraft/client/multiplayer/ClientPacketListener;} {} {V}
[24Apr2025 23:53:58.504] [main/DEBUG] [cpw.mods.modlauncher.TransformStore/MODLAUNCHER]: Adding transformer net.minecraftforge.coremod.transformer.CoreModClassTransformer@74a820bf to Target : CLASS {Lnet/minecraft/client/multiplayer/ClientLevel;} {} {V}
[24Apr2025 23:53:58.504] [main/DEBUG] [cpw.mods.modlauncher.TransformStore/MODLAUNCHER]: Adding transformer net.minecraftforge.coremod.transformer.CoreModClassTransformer@5a30722c to Target : CLASS {Lnet/minecraft/network/protocol/game/ClientboundSectionBlocksUpdatePacket;} {} {V}
[24Apr2025 23:53:58.504] [main/DEBUG] [cpw.mods.modlauncher.TransformStore/MODLAUNCHER]: Adding transformer net.minecraftforge.coremod.transformer.CoreModClassTransformer@4f2ac7e0 to Target : CLASS {Lnet/minecraft/client/gui/components/CycleButton;} {} {V}
[24Apr2025 23:53:58.504] [main/DEBUG] [cpw.mods.modlauncher.TransformStore/MODLAUNCHER]: Adding transformer net.minecraftforge.coremod.transformer.CoreModClassTransformer@2484dbb7 to Target : CLASS {Lnet/minecraft/server/MinecraftServer;} {} {V}
[24Apr2025 23:53:58.504] [main/DEBUG] [cpw.mods.modlauncher.TransformStore/MODLAUNCHER]: Adding transformer net.minecraftforge.coremod.transformer.CoreModClassTransformer@111cba40 to Target : CLASS {Lnet/minecraft/server/level/ServerPlayer;} {} {V}
[24Apr2025 23:53:58.504] [main/DEBUG] [cpw.mods.modlauncher.TransformStore/MODLAUNCHER]: Adding transformer net.minecraftforge.coremod.transformer.CoreModClassTransformer@48e41b5d to Target : CLASS {Lnet/minecraft/client/Minecraft;} {} {V}
[24Apr2025 23:53:58.504] [main/DEBUG] [cpw.mods.modlauncher.TransformStore/MODLAUNCHER]: Adding transformer net.minecraftforge.coremod.transformer.CoreModClassTransformer@51e8d066 to Target : CLASS {Lnet/minecraft/client/gui/components/AbstractSelectionList;} {} {V}
[24Apr2025 23:53:58.504] [main/DEBUG] [cpw.mods.modlauncher.TransformStore/MODLAUNCHER]: Adding transformer net.minecraftforge.coremod.transformer.CoreModMethodTransformer@27898e13 to Target : METHOD {Lnet/minecraft/client/multiplayer/ClientPacketListener;} {m_6773_} {(Lnet/minecraft/network/protocol/game/ClientboundBlockUpdatePacket;)V}
[24Apr2025 23:53:58.505] [main/DEBUG] [cpw.mods.modlauncher.TransformStore/MODLAUNCHER]: Adding transformer net.minecraftforge.coremod.transformer.CoreModMethodTransformer@4f5f474c to Target : METHOD {Lnet/minecraft/client/multiplayer/ClientPacketListener;} {m_5771_} {(Lnet/minecraft/network/protocol/game/ClientboundSectionBlocksUpdatePacket;)V}
[24Apr2025 23:53:58.505] [main/DEBUG] [cpw.mods.modlauncher.TransformStore/MODLAUNCHER]: Adding transformer net.minecraftforge.coremod.transformer.CoreModMethodTransformer@58a3d521 to Target : METHOD {Lnet/minecraft/client/multiplayer/ClientPacketListener;} {m_194198_} {(IILnet/minecraft/network/protocol/game/ClientboundLevelChunkPacketData;)V}
[24Apr2025 23:53:58.505] [main/DEBUG] [cpw.mods.modlauncher.TransformStore/MODLAUNCHER]: Adding transformer net.minecraftforge.coremod.transformer.CoreModMethodTransformer@14d8e132 to Target : METHOD {Lnet/minecraft/client/multiplayer/ClientPacketListener;} {m_183388_} {(Lnet/minecraft/network/protocol/game/ClientboundLevelChunkWithLightPacket;)V}
[24Apr2025 23:53:58.505] [main/DEBUG] [cpw.mods.modlauncher.TransformStore/MODLAUNCHER]: Adding transformer net.minecraftforge.coremod.transformer.CoreModMethodTransformer@7f4a1cac to Target : METHOD {Lnet/minecraft/client/multiplayer/ClientPacketListener;} {m_183514_} {(Lnet/minecraft/network/protocol/game/ClientboundLightUpdatePacket;)V}
[24Apr2025 23:53:58.505] [main/DEBUG] [cpw.mods.modlauncher.TransformStore/MODLAUNCHER]: Adding transformer net.minecraftforge.coremod.transformer.CoreModMethodTransformer@4a1a412e to Target : METHOD {Lnet/minecraft/client/multiplayer/ClientPacketListener;} {m_194252_} {(Lnet/minecraft/network/protocol/game/ClientboundForgetLevelChunkPacket;)V}
[24Apr2025 23:53:58.505] [main/DEBUG] [cpw.mods.modlauncher.TransformStore/MODLAUNCHER]: Adding transformer net.minecraftforge.coremod.transformer.CoreModMethodTransformer@c568f91 to Target : METHOD {Lnet/minecraft/client/player/AbstractClientPlayer;} {m_108561_} {()Lnet/minecraft/resources/ResourceLocation;}
[24Apr2025 23:53:58.505] [main/DEBUG] [cpw.mods.modlauncher.TransformStore/MODLAUNCHER]: Adding transformer net.minecraftforge.coremod.transformer.CoreModMethodTransformer@5fd43e58 to Target : METHOD {Lnet/minecraft/world/entity/player/Player;} {m_36170_} {(Lnet/minecraft/world/entity/player/PlayerModelPart;)Z}
[24Apr2025 23:53:58.505] [main/DEBUG] [cpw.mods.modlauncher.TransformStore/MODLAUNCHER]: Adding transformer net.minecraftforge.coremod.transformer.CoreModMethodTransformer@70d4f672 to Target : METHOD {Lnet/minecraft/client/multiplayer/ClientPacketListener;} {m_5998_} {(Lnet/minecraft/network/protocol/game/ClientboundLoginPacket;)V}
[24Apr2025 23:53:58.506] [main/DEBUG] [cpw.mods.modlauncher.TransformStore/MODLAUNCHER]: Adding transformer net.minecraftforge.coremod.transformer.CoreModMethodTransformer@68dfda77 to Target : METHOD {Lnet/minecraft/client/multiplayer/ClientPacketListener;} {m_261044_} {()V}
[24Apr2025 23:53:58.506] [main/DEBUG] [cpw.mods.modlauncher.TransformStore/MODLAUNCHER]: Adding transformer net.minecraftforge.coremod.transformer.CoreModMethodTransformer@50cdfafa to Target : METHOD {Lnet/minecraft/server/players/PlayerList;} {m_11229_} {(Lnet/minecraft/server/level/ServerPlayer;Lnet/minecraft/server/level/ServerLevel;)V}
[24Apr2025 23:53:58.506] [main/DEBUG] [cpw.mods.modlauncher.TransformStore/MODLAUNCHER]: Adding transformer net.minecraftforge.coremod.transformer.CoreModMethodTransformer@2e952845 to Target : METHOD {Lnet/minecraft/world/level/storage/LevelStorageSource$LevelStorageAccess;} {m_78311_} {()V}
[24Apr2025 23:53:58.506] [main/DEBUG] [cpw.mods.modlauncher.TransformStore/MODLAUNCHER]: Adding transformer net.minecraftforge.coremod.transformer.CoreModMethodTransformer@79252c83 to Target : METHOD {Lnet/minecraft/client/Minecraft;} {m_91383_} {(Z)V}
[24Apr2025 23:53:58.506] [main/DEBUG] [cpw.mods.modlauncher.TransformStore/MODLAUNCHER]: Adding transformer net.minecraftforge.coremod.transformer.CoreModMethodTransformer@6fbf5db2 to Target : METHOD {Lnet/minecraft/client/Minecraft;} {m_91383_} {(Z)V}
[24Apr2025 23:53:58.506] [main/DEBUG] [cpw.mods.modlauncher.TransformStore/MODLAUNCHER]: Adding transformer net.minecraftforge.coremod.transformer.CoreModMethodTransformer@509a6095 to Target : METHOD {Lnet/minecraft/client/multiplayer/chat/ChatListener;} {m_240494_} {(Lnet/minecraft/network/chat/Component;Z)V}
[24Apr2025 23:53:58.507] [main/DEBUG] [cpw.mods.modlauncher.TransformStore/MODLAUNCHER]: Adding transformer net.minecraftforge.coremod.transformer.CoreModMethodTransformer@57cabdc3 to Target : METHOD {Lnet/minecraft/client/multiplayer/chat/ChatListener;} {m_245141_} {(Lnet/minecraft/network/chat/Component;Lnet/minecraft/network/chat/ChatType$Bound;)V}
[24Apr2025 23:53:58.507] [main/DEBUG] [cpw.mods.modlauncher.TransformStore/MODLAUNCHER]: Adding transformer net.minecraftforge.coremod.transformer.CoreModMethodTransformer@75bd28d to Target : METHOD {Lnet/minecraft/client/multiplayer/ClientPacketListener;} {m_6571_} {(Lnet/minecraft/network/protocol/game/ClientboundSetDefaultSpawnPositionPacket;)V}
[24Apr2025 23:53:58.507] [main/DEBUG] [cpw.mods.modlauncher.TransformStore/MODLAUNCHER]: Adding transformer net.minecraftforge.coremod.transformer.CoreModMethodTransformer@129c4d19 to Target : METHOD {Lnet/minecraft/world/level/levelgen/WorldOptions;} {<init>} {(JZZLjava/util/Optional;)V}
[24Apr2025 23:53:58.507] [main/DEBUG] [cpw.mods.modlauncher.TransformStore/MODLAUNCHER]: Adding transformer net.minecraftforge.coremod.transformer.CoreModMethodTransformer@11810917 to Target : METHOD {Lnet/minecraft/client/gui/MapRenderer$MapInstance;} {m_93291_} {(Lcom/mojang/blaze3d/vertex/PoseStack;Lnet/minecraft/client/renderer/MultiBufferSource;ZI)V}
[24Apr2025 23:53:58.507] [main/DEBUG] [cpw.mods.modlauncher.TransformStore/MODLAUNCHER]: Adding transformer net.minecraftforge.coremod.transformer.CoreModMethodTransformer@13278a41 to Target : METHOD {Lnet/minecraft/client/renderer/ItemInHandRenderer;} {m_109371_} {(Lnet/minecraft/client/player/AbstractClientPlayer;FFLnet/minecraft/world/InteractionHand;FLnet/minecraft/world/item/ItemStack;FLcom/mojang/blaze3d/vertex/PoseStack;Lnet/minecraft/client/renderer/MultiBufferSource;I)V}
[24Apr2025 23:53:58.507] [main/DEBUG] [cpw.mods.modlauncher.TransformStore/MODLAUNCHER]: Adding transformer net.minecraftforge.coremod.transformer.CoreModMethodTransformer@4a31ed12 to Target : METHOD {Lnet/minecraft/world/entity/decoration/ItemFrame;} {m_218868_} {()Ljava/util/OptionalInt;}
[24Apr2025 23:53:58.507] [main/DEBUG] [cpw.mods.modlauncher.TransformStore/MODLAUNCHER]: Adding transformer net.minecraftforge.coremod.transformer.CoreModMethodTransformer@3ab595c8 to Target : METHOD {Lnet/minecraft/client/renderer/ItemInHandRenderer;} {m_109366_} {(Lcom/mojang/blaze3d/vertex/PoseStack;Lnet/minecraft/client/renderer/MultiBufferSource;ILnet/minecraft/world/item/ItemStack;)V}
[24Apr2025 23:53:58.508] [main/DEBUG] [cpw.mods.modlauncher.TransformStore/MODLAUNCHER]: Adding transformer net.minecraftforge.coremod.transformer.CoreModMethodTransformer@2365ea38 to Target : METHOD {Lnet/minecraft/world/item/MapItem;} {m_7373_} {(Lnet/minecraft/world/item/ItemStack;Lnet/minecraft/world/level/Level;Ljava/util/List;Lnet/minecraft/world/item/TooltipFlag;)V}
[24Apr2025 23:53:58.508] [main/DEBUG] [cpw.mods.modlauncher.TransformStore/MODLAUNCHER]: Adding transformer net.minecraftforge.coremod.transformer.CoreModMethodTransformer@cbf1997 to Target : METHOD {Lnet/minecraft/client/sounds/MusicManager;} {m_120183_} {()V}
[24Apr2025 23:53:58.508] [main/DEBUG] [cpw.mods.modlauncher.TransformStore/MODLAUNCHER]: Adding transformer net.minecraftforge.coremod.transformer.CoreModMethodTransformer@49232c6f to Target : METHOD {Lnet/minecraft/server/level/ServerEntity;} {m_8543_} {()V}
[24Apr2025 23:53:58.508] [main/DEBUG] [cpw.mods.modlauncher.TransformStore/MODLAUNCHER]: Adding transformer net.minecraftforge.coremod.transformer.CoreModMethodTransformer@5faeeb56 to Target : METHOD {Lnet/minecraft/client/renderer/entity/EntityRenderDispatcher;} {m_6213_} {(Lnet/minecraft/server/packs/resources/ResourceManager;)V}
[24Apr2025 23:53:58.508] [main/DEBUG] [cpw.mods.modlauncher.TransformStore/MODLAUNCHER]: Adding transformer net.minecraftforge.coremod.transformer.CoreModMethodTransformer@5396eeb1 to Target : METHOD {Lnet/minecraft/client/renderer/entity/EntityRenderDispatcher;} {m_114382_} {(Lnet/minecraft/world/entity/Entity;)Lnet/minecraft/client/renderer/entity/EntityRenderer;}
[24Apr2025 23:53:58.508] [main/DEBUG] [cpw.mods.modlauncher.TransformStore/MODLAUNCHER]: Adding transformer net.minecraftforge.coremod.transformer.CoreModMethodTransformer@279126f5 to Target : METHOD {Lnet/minecraft/client/renderer/LevelRenderer;} {m_109599_} {(Lcom/mojang/blaze3d/vertex/PoseStack;FJZLnet/minecraft/client/Camera;Lnet/minecraft/client/renderer/GameRenderer;Lnet/minecraft/client/renderer/LightTexture;Lorg/joml/Matrix4f;)V}
[24Apr2025 23:53:58.508] [main/DEBUG] [cpw.mods.modlauncher.TransformStore/MODLAUNCHER]: Adding transformer net.minecraftforge.coremod.transformer.CoreModMethodTransformer@7781263c to Target : METHOD {Lnet/minecraft/client/renderer/BiomeColors;} {m_108807_} {(Lnet/minecraft/world/level/biome/Biome;DD)I}
[24Apr2025 23:53:58.508] [main/DEBUG] [cpw.mods.modlauncher.TransformStore/MODLAUNCHER]: Adding transformer net.minecraftforge.coremod.transformer.CoreModMethodTransformer@5fdd97c1 to Target : METHOD {Lnet/minecraft/client/player/LocalPlayer;} {m_6083_} {()V}
[24Apr2025 23:53:58.509] [main/DEBUG] [cpw.mods.modlauncher.TransformStore/MODLAUNCHER]: Adding transformer net.minecraftforge.coremod.transformer.CoreModMethodTransformer@3b5a19ed to Target : METHOD {Lnet/minecraft/world/item/WrittenBookItem;} {m_7626_} {(Lnet/minecraft/world/item/ItemStack;)Lnet/minecraft/network/chat/Component;}
[24Apr2025 23:53:58.509] [main/DEBUG] [cpw.mods.modlauncher.TransformStore/MODLAUNCHER]: Adding transformer net.minecraftforge.coremod.transformer.CoreModMethodTransformer@15d236fd to Target : METHOD {Lnet/minecraft/world/level/levelgen/structure/StructureStart;} {m_226857_} {(Lnet/minecraft/world/level/levelgen/structure/pieces/StructurePieceSerializationContext;Lnet/minecraft/nbt/CompoundTag;J)Lnet/minecraft/world/level/levelgen/structure/StructureStart;}
[24Apr2025 23:53:58.509] [main/DEBUG] [cpw.mods.modlauncher.TransformStore/MODLAUNCHER]: Adding transformer net.minecraftforge.coremod.transformer.CoreModMethodTransformer@6b9c42bd to Target : METHOD {Lnet/minecraft/world/item/Item;} {m_41435_} {(Lnet/minecraft/world/level/Level;Lnet/minecraft/world/entity/player/Player;Lnet/minecraft/world/level/ClipContext$Fluid;)Lnet/minecraft/world/phys/BlockHitResult;}
[24Apr2025 23:53:58.509] [main/DEBUG] [cpw.mods.modlauncher.TransformStore/MODLAUNCHER]: Adding transformer net.minecraftforge.coremod.transformer.CoreModMethodTransformer@584ca390 to Target : METHOD {Lnet/minecraft/world/level/block/MushroomBlock;} {m_7898_} {(Lnet/minecraft/world/level/block/state/BlockState;Lnet/minecraft/world/level/LevelReader;Lnet/minecraft/core/BlockPos;)Z}
[24Apr2025 23:53:58.509] [main/DEBUG] [cpw.mods.modlauncher.TransformStore/MODLAUNCHER]: Adding transformer net.minecraftforge.coremod.transformer.CoreModMethodTransformer@33324c05 to Target : METHOD {Lnet/minecraft/world/level/Level;} {m_46758_} {(Lnet/minecraft/core/BlockPos;)Z}
[24Apr2025 23:53:58.509] [main/DEBUG] [cpw.mods.modlauncher.TransformStore/MODLAUNCHER]: Adding transformer net.minecraftforge.coremod.transformer.CoreModMethodTransformer@37d3e140 to Target : METHOD {Lnet/minecraft/world/entity/decoration/LeashFenceKnotEntity;} {m_7088_} {()Z}
[24Apr2025 23:53:58.509] [main/DEBUG] [cpw.mods.modlauncher.TransformStore/MODLAUNCHER]: Adding transformer net.minecraftforge.coremod.transformer.CoreModMethodTransformer@3e53c4ad to Target : METHOD {Lnet/minecraft/client/multiplayer/ClientPacketListener;} {m_6773_} {(Lnet/minecraft/network/protocol/game/ClientboundBlockUpdatePacket;)V}
[24Apr2025 23:53:58.509] [main/DEBUG] [cpw.mods.modlauncher.TransformStore/MODLAUNCHER]: Adding transformer net.minecraftforge.coremod.transformer.CoreModMethodTransformer@33eb0d4 to Target : METHOD {Lnet/minecraft/client/multiplayer/ClientPacketListener;} {m_5771_} {(Lnet/minecraft/network/protocol/game/ClientboundSectionBlocksUpdatePacket;)V}
[24Apr2025 23:53:58.510] [main/DEBUG] [cpw.mods.modlauncher.TransformStore/MODLAUNCHER]: Adding transformer net.minecraftforge.coremod.transformer.CoreModMethodTransformer@224d86d2 to Target : METHOD {Lnet/minecraft/client/multiplayer/ClientPacketListener;} {m_194198_} {(IILnet/minecraft/network/protocol/game/ClientboundLevelChunkPacketData;)V}
[24Apr2025 23:53:58.510] [main/DEBUG] [cpw.mods.modlauncher.TransformStore/MODLAUNCHER]: Adding transformer net.minecraftforge.coremod.transformer.CoreModMethodTransformer@a3cba3a to Target : METHOD {Lnet/minecraft/client/multiplayer/ClientPacketListener;} {m_183388_} {(Lnet/minecraft/network/protocol/game/ClientboundLevelChunkWithLightPacket;)V}
[24Apr2025 23:53:58.510] [main/DEBUG] [cpw.mods.modlauncher.TransformStore/MODLAUNCHER]: Adding transformer net.minecraftforge.coremod.transformer.CoreModMethodTransformer@2aea717c to Target : METHOD {Lnet/minecraft/client/multiplayer/ClientPacketListener;} {m_183514_} {(Lnet/minecraft/network/protocol/game/ClientboundLightUpdatePacket;)V}
[24Apr2025 23:53:58.510] [main/DEBUG] [cpw.mods.modlauncher.TransformStore/MODLAUNCHER]: Adding transformer net.minecraftforge.coremod.transformer.CoreModMethodTransformer@5ca4dce5 to Target : METHOD {Lnet/minecraft/client/multiplayer/ClientPacketListener;} {m_194252_} {(Lnet/minecraft/network/protocol/game/ClientboundForgetLevelChunkPacket;)V}
[24Apr2025 23:53:58.510] [main/DEBUG] [cpw.mods.modlauncher.TransformStore/MODLAUNCHER]: Adding transformer net.minecraftforge.coremod.transformer.CoreModMethodTransformer@1291aab5 to Target : METHOD {Lnet/minecraft/client/multiplayer/ClientPacketListener;} {m_6571_} {(Lnet/minecraft/network/protocol/game/ClientboundSetDefaultSpawnPositionPacket;)V}
[24Apr2025 23:53:58.510] [main/DEBUG] [cpw.mods.modlauncher.TransformStore/MODLAUNCHER]: Adding transformer net.minecraftforge.coremod.transformer.CoreModMethodTransformer@7d133fb7 to Target : METHOD {Lnet/minecraft/client/player/AbstractClientPlayer;} {m_108561_} {()Lnet/minecraft/resources/ResourceLocation;}
[24Apr2025 23:53:58.510] [main/DEBUG] [cpw.mods.modlauncher.TransformStore/MODLAUNCHER]: Adding transformer net.minecraftforge.coremod.transformer.CoreModMethodTransformer@40bd0f8 to Target : METHOD {Lnet/minecraft/world/entity/player/Player;} {m_36170_} {(Lnet/minecraft/world/entity/player/PlayerModelPart;)Z}
[24Apr2025 23:53:58.510] [main/DEBUG] [cpw.mods.modlauncher.TransformStore/MODLAUNCHER]: Adding transformer net.minecraftforge.coremod.transformer.CoreModMethodTransformer@7eb27768 to Target : METHOD {Lnet/minecraft/client/multiplayer/ClientPacketListener;} {m_5998_} {(Lnet/minecraft/network/protocol/game/ClientboundLoginPacket;)V}
[24Apr2025 23:53:58.511] [main/DEBUG] [cpw.mods.modlauncher.TransformStore/MODLAUNCHER]: Adding transformer net.minecraftforge.coremod.transformer.CoreModMethodTransformer@6169be09 to Target : METHOD {Lnet/minecraft/client/multiplayer/ClientPacketListener;} {m_261044_} {()V}
[24Apr2025 23:53:58.511] [main/DEBUG] [cpw.mods.modlauncher.TransformStore/MODLAUNCHER]: Adding transformer net.minecraftforge.coremod.transformer.CoreModMethodTransformer@5e3db14 to Target : METHOD {Lnet/minecraft/client/player/LocalPlayer;} {m_7583_} {()V}
[24Apr2025 23:53:58.511] [main/DEBUG] [cpw.mods.modlauncher.TransformStore/MODLAUNCHER]: Adding transformer net.minecraftforge.coremod.transformer.CoreModMethodTransformer@5fb54740 to Target : METHOD {Lnet/minecraft/server/players/PlayerList;} {m_11229_} {(Lnet/minecraft/server/level/ServerPlayer;Lnet/minecraft/server/level/ServerLevel;)V}
[24Apr2025 23:53:58.511] [main/DEBUG] [cpw.mods.modlauncher.TransformStore/MODLAUNCHER]: Adding transformer net.minecraftforge.coremod.transformer.CoreModMethodTransformer@325162e9 to Target : METHOD {Lnet/minecraft/client/gui/components/BossHealthOverlay;} {m_280652_} {(Lnet/minecraft/client/gui/GuiGraphics;)V}
[24Apr2025 23:53:58.511] [main/DEBUG] [cpw.mods.modlauncher.TransformStore/MODLAUNCHER]: Adding transformer net.minecraftforge.coremod.transformer.CoreModMethodTransformer@1ee40b5c to Target : METHOD {Lnet/minecraft/client/model/ListModel;} {m_7695_} {(Lcom/mojang/blaze3d/vertex/PoseStack;Lcom/mojang/blaze3d/vertex/VertexConsumer;IIFFFF)V}
[24Apr2025 23:53:58.511] [main/DEBUG] [cpw.mods.modlauncher.TransformStore/MODLAUNCHER]: Adding transformer net.minecraftforge.coremod.transformer.CoreModMethodTransformer@5c448ef to Target : METHOD {Lnet/minecraft/client/model/AgeableListModel;} {m_7695_} {(Lcom/mojang/blaze3d/vertex/PoseStack;Lcom/mojang/blaze3d/vertex/VertexConsumer;IIFFFF)V}
[24Apr2025 23:53:58.511] [main/DEBUG] [cpw.mods.modlauncher.TransformStore/MODLAUNCHER]: Adding transformer net.minecraftforge.coremod.transformer.CoreModMethodTransformer@703e8050 to Target : METHOD {Lnet/minecraft/client/model/LlamaModel;} {m_7695_} {(Lcom/mojang/blaze3d/vertex/PoseStack;Lcom/mojang/blaze3d/vertex/VertexConsumer;IIFFFF)V}
[24Apr2025 23:53:58.511] [main/DEBUG] [cpw.mods.modlauncher.TransformStore/MODLAUNCHER]: Adding transformer net.minecraftforge.coremod.transformer.CoreModMethodTransformer@49c1e294 to Target : METHOD {Lnet/minecraft/client/model/RabbitModel;} {m_7695_} {(Lcom/mojang/blaze3d/vertex/PoseStack;Lcom/mojang/blaze3d/vertex/VertexConsumer;IIFFFF)V}
[24Apr2025 23:53:58.512] [main/DEBUG] [cpw.mods.modlauncher.TransformStore/MODLAUNCHER]: Adding transformer net.minecraftforge.coremod.transformer.CoreModMethodTransformer@7741ae1b to Target : METHOD {Lnet/minecraft/client/renderer/entity/EnderDragonRenderer$DragonModel;} {m_7695_} {(Lcom/mojang/blaze3d/vertex/PoseStack;Lcom/mojang/blaze3d/vertex/VertexConsumer;IIFFFF)V}
[24Apr2025 23:53:58.512] [main/DEBUG] [cpw.mods.modlauncher.TransformStore/MODLAUNCHER]: Adding transformer net.minecraftforge.coremod.transformer.CoreModMethodTransformer@50e5032c to Target : METHOD {Lnet/minecraft/client/model/HierarchicalModel;} {m_7695_} {(Lcom/mojang/blaze3d/vertex/PoseStack;Lcom/mojang/blaze3d/vertex/VertexConsumer;IIFFFF)V}
[24Apr2025 23:53:58.512] [main/DEBUG] [cpw.mods.modlauncher.TransformStore/MODLAUNCHER]: Adding transformer net.minecraftforge.coremod.transformer.CoreModMethodTransformer@545d2560 to Target : METHOD {Lnet/minecraft/client/model/geom/ModelPart;} {m_104290_} {(Lcom/mojang/blaze3d/vertex/PoseStack$Pose;Lcom/mojang/blaze3d/vertex/VertexConsumer;IIFFFF)V}
[24Apr2025 23:53:58.512] [main/DEBUG] [cpw.mods.modlauncher.TransformStore/MODLAUNCHER]: Adding transformer net.minecraftforge.coremod.transformer.CoreModMethodTransformer@124eb83d to Target : METHOD {Lnet/minecraft/world/level/storage/LevelStorageSource$LevelStorageAccess;} {m_78311_} {()V}
[24Apr2025 23:53:58.512] [main/DEBUG] [cpw.mods.modlauncher.TransformStore/MODLAUNCHER]: Adding transformer net.minecraftforge.coremod.transformer.CoreModMethodTransformer@6885ed19 to Target : METHOD {Lnet/minecraft/client/multiplayer/ClientPacketListener;} {m_246623_} {(Ljava/lang/String;)V}
[24Apr2025 23:53:58.512] [main/DEBUG] [cpw.mods.modlauncher.TransformStore/MODLAUNCHER]: Adding transformer net.minecraftforge.coremod.transformer.CoreModMethodTransformer@10817f46 to Target : METHOD {Lnet/minecraft/client/multiplayer/ClientPacketListener;} {m_246979_} {(Ljava/lang/String;)Z}
[24Apr2025 23:53:58.512] [main/DEBUG] [cpw.mods.modlauncher.TransformStore/MODLAUNCHER]: Adding transformer net.minecraftforge.coremod.transformer.CoreModMethodTransformer@2d4a3e13 to Target : METHOD {Lnet/minecraft/client/multiplayer/chat/ChatListener;} {m_240494_} {(Lnet/minecraft/network/chat/Component;Z)V}
[24Apr2025 23:53:58.513] [main/DEBUG] [cpw.mods.modlauncher.TransformStore/MODLAUNCHER]: Adding transformer net.minecraftforge.coremod.transformer.CoreModMethodTransformer@4a22e4d7 to Target : METHOD {Lnet/minecraft/client/multiplayer/chat/ChatListener;} {m_245141_} {(Lnet/minecraft/network/chat/Component;Lnet/minecraft/network/chat/ChatType$Bound;)V}
[24Apr2025 23:53:58.513] [main/DEBUG] [cpw.mods.modlauncher.TransformStore/MODLAUNCHER]: Adding transformer net.minecraftforge.coremod.transformer.CoreModMethodTransformer@d8835af to Target : METHOD {Lnet/minecraft/client/ToggleKeyMapping;} {m_90857_} {()Z}
[24Apr2025 23:53:58.513] [main/DEBUG] [cpw.mods.modlauncher.TransformationServiceDecorator/MODLAUNCHER]: Initialized transformers for transformation service fml
[24Apr2025 23:53:59.776] [main/DEBUG] [mixin/]: Processing prepare() for PlatformAgent[MixinPlatformAgentDefault:ModLauncher Root Container(ModLauncher:4f56a0a2)]
[24Apr2025 23:53:59.776] [main/DEBUG] [mixin/]: Processing launch tasks for PlatformAgent[MixinPlatformAgentDefault:ModLauncher Root Container(ModLauncher:4f56a0a2)]
[24Apr2025 23:53:59.777] [main/DEBUG] [mixin/]: Adding mixin platform agents for container SecureJarResource(totw_modded)
[24Apr2025 23:53:59.777] [main/DEBUG] [mixin/]: Instancing new MixinPlatformAgentMinecraftForge for SecureJarResource(totw_modded)
[24Apr2025 23:53:59.777] [main/DEBUG] [mixin/]: MixinPlatformAgentMinecraftForge rejected container SecureJarResource(totw_modded)
[24Apr2025 23:53:59.777] [main/DEBUG] [mixin/]: Instancing new MixinPlatformAgentDefault for SecureJarResource(totw_modded)
[24Apr2025 23:53:59.777] [main/DEBUG] [mixin/]: MixinPlatformAgentDefault accepted container SecureJarResource(totw_modded)
[24Apr2025 23:53:59.777] [main/DEBUG] [mixin/]: Processing prepare() for PlatformAgent[MixinPlatformAgentDefault:SecureJarResource(totw_modded)]
[24Apr2025 23:53:59.777] [main/DEBUG] [mixin/]: Adding mixin platform agents for container SecureJarResource(kuma_api)
[24Apr2025 23:53:59.777] [main/DEBUG] [mixin/]: Instancing new MixinPlatformAgentMinecraftForge for SecureJarResource(kuma_api)
[24Apr2025 23:53:59.777] [main/DEBUG] [mixin/]: MixinPlatformAgentMinecraftForge rejected container SecureJarResource(kuma_api)
[24Apr2025 23:53:59.777] [main/DEBUG] [mixin/]: Instancing new MixinPlatformAgentDefault for SecureJarResource(kuma_api)
[24Apr2025 23:53:59.777] [main/DEBUG] [mixin/]: MixinPlatformAgentDefault accepted container SecureJarResource(kuma_api)
[24Apr2025 23:53:59.777] [main/DEBUG] [mixin/]: Processing prepare() for PlatformAgent[MixinPlatformAgentDefault:SecureJarResource(kuma_api)]
[24Apr2025 23:53:59.778] [main/DEBUG] [mixin/]: Registering mixin config: kuma_api.mixins.json
[24Apr2025 23:53:59.797] [main/DEBUG] [mixin/]: Compatibility level JAVA_17 specified by kuma_api.mixins.json is higher than the maximum level supported by this version of mixin (JAVA_13).
[24Apr2025 23:53:59.804] [main/INFO] [mixin/]: Compatibility level set to JAVA_17
[24Apr2025 23:53:59.805] [main/DEBUG] [mixin/]: Registering mixin config: kuma_api.forge.mixins.json
[24Apr2025 23:53:59.809] [main/DEBUG] [mixin/]: Adding mixin platform agents for container SecureJarResource(exlinecopperequipment)
[24Apr2025 23:53:59.809] [main/DEBUG] [mixin/]: Instancing new MixinPlatformAgentMinecraftForge for SecureJarResource(exlinecopperequipment)
[24Apr2025 23:53:59.810] [main/DEBUG] [mixin/]: MixinPlatformAgentMinecraftForge rejected container SecureJarResource(exlinecopperequipment)
[24Apr2025 23:53:59.810] [main/DEBUG] [mixin/]: Instancing new MixinPlatformAgentDefault for SecureJarResource(exlinecopperequipment)
[24Apr2025 23:53:59.810] [main/DEBUG] [mixin/]: MixinPlatformAgentDefault accepted container SecureJarResource(exlinecopperequipment)
[24Apr2025 23:53:59.810] [main/DEBUG] [mixin/]: Processing prepare() for PlatformAgent[MixinPlatformAgentDefault:SecureJarResource(exlinecopperequipment)]
[24Apr2025 23:53:59.811] [main/DEBUG] [mixin/]: Adding mixin platform agents for container SecureJarResource(stalwart_dungeons)
[24Apr2025 23:53:59.811] [main/DEBUG] [mixin/]: Instancing new MixinPlatformAgentMinecraftForge for SecureJarResource(stalwart_dungeons)
[24Apr2025 23:53:59.811] [main/DEBUG] [mixin/]: MixinPlatformAgentMinecraftForge rejected container SecureJarResource(stalwart_dungeons)
[24Apr2025 23:53:59.811] [main/DEBUG] [mixin/]: Instancing new MixinPlatformAgentDefault for SecureJarResource(stalwart_dungeons)
[24Apr2025 23:53:59.811] [main/DEBUG] [mixin/]: MixinPlatformAgentDefault accepted container SecureJarResource(stalwart_dungeons)
[24Apr2025 23:53:59.811] [main/DEBUG] [mixin/]: Processing prepare() for PlatformAgent[MixinPlatformAgentDefault:SecureJarResource(stalwart_dungeons)]
[24Apr2025 23:53:59.811] [main/DEBUG] [mixin/]: Adding mixin platform agents for container SecureJarResource(incendium)
[24Apr2025 23:53:59.811] [main/DEBUG] [mixin/]: Instancing new MixinPlatformAgentMinecraftForge for SecureJarResource(incendium)
[24Apr2025 23:53:59.812] [main/DEBUG] [mixin/]: MixinPlatformAgentMinecraftForge rejected container SecureJarResource(incendium)
[24Apr2025 23:53:59.812] [main/DEBUG] [mixin/]: Instancing new MixinPlatformAgentDefault for SecureJarResource(incendium)
[24Apr2025 23:53:59.812] [main/DEBUG] [mixin/]: MixinPlatformAgentDefault accepted container SecureJarResource(incendium)
[24Apr2025 23:53:59.812] [main/DEBUG] [mixin/]: Processing prepare() for PlatformAgent[MixinPlatformAgentDefault:SecureJarResource(incendium)]
[24Apr2025 23:53:59.812] [main/DEBUG] [mixin/]: Adding mixin platform agents for container SecureJarResource(structory)
[24Apr2025 23:53:59.812] [main/DEBUG] [mixin/]: Instancing new MixinPlatformAgentMinecraftForge for SecureJarResource(structory)
[24Apr2025 23:53:59.812] [main/DEBUG] [mixin/]: MixinPlatformAgentMinecraftForge rejected container SecureJarResource(structory)
[24Apr2025 23:53:59.812] [main/DEBUG] [mixin/]: Instancing new MixinPlatformAgentDefault for SecureJarResource(structory)
[24Apr2025 23:53:59.812] [main/DEBUG] [mixin/]: MixinPlatformAgentDefault accepted container SecureJarResource(structory)
[24Apr2025 23:53:59.812] [main/DEBUG] [mixin/]: Processing prepare() for PlatformAgent[MixinPlatformAgentDefault:SecureJarResource(structory)]
[24Apr2025 23:53:59.812] [main/DEBUG] [mixin/]: Adding mixin platform agents for container SecureJarResource(xaeroworldmap)
[24Apr2025 23:53:59.812] [main/DEBUG] [mixin/]: Instancing new MixinPlatformAgentMinecraftForge for SecureJarResource(xaeroworldmap)
[24Apr2025 23:53:59.812] [main/DEBUG] [mixin/]: MixinPlatformAgentMinecraftForge rejected container SecureJarResource(xaeroworldmap)
[24Apr2025 23:53:59.812] [main/DEBUG] [mixin/]: Instancing new MixinPlatformAgentDefault for SecureJarResource(xaeroworldmap)
[24Apr2025 23:53:59.813] [main/DEBUG] [mixin/]: MixinPlatformAgentDefault accepted container SecureJarResource(xaeroworldmap)
[24Apr2025 23:53:59.813] [main/DEBUG] [mixin/]: Processing prepare() for PlatformAgent[MixinPlatformAgentDefault:SecureJarResource(xaeroworldmap)]
[24Apr2025 23:53:59.813] [main/DEBUG] [mixin/]: Adding mixin platform agents for container SecureJarResource(dungeonnowloading)
[24Apr2025 23:53:59.813] [main/DEBUG] [mixin/]: Instancing new MixinPlatformAgentMinecraftForge for SecureJarResource(dungeonnowloading)
[24Apr2025 23:53:59.813] [main/DEBUG] [mixin/]: MixinPlatformAgentMinecraftForge rejected container SecureJarResource(dungeonnowloading)
[24Apr2025 23:53:59.813] [main/DEBUG] [mixin/]: Instancing new MixinPlatformAgentDefault for SecureJarResource(dungeonnowloading)
[24Apr2025 23:53:59.813] [main/DEBUG] [mixin/]: MixinPlatformAgentDefault accepted container SecureJarResource(dungeonnowloading)
[24Apr2025 23:53:59.813] [main/DEBUG] [mixin/]: Processing prepare() for PlatformAgent[MixinPlatformAgentDefault:SecureJarResource(dungeonnowloading)]
[24Apr2025 23:53:59.813] [main/DEBUG] [mixin/]: Registering mixin config: dungeonnowloading.mixins.json
[24Apr2025 23:53:59.815] [main/DEBUG] [mixin/]: Registering mixin config: dungeonnowloading.forge.mixins.json
[24Apr2025 23:53:59.817] [main/DEBUG] [mixin/]: Adding mixin platform agents for container SecureJarResource(crackerslib)
[24Apr2025 23:53:59.817] [main/DEBUG] [mixin/]: Instancing new MixinPlatformAgentMinecraftForge for SecureJarResource(crackerslib)
[24Apr2025 23:53:59.817] [main/DEBUG] [mixin/]: MixinPlatformAgentMinecraftForge rejected container SecureJarResource(crackerslib)
[24Apr2025 23:53:59.817] [main/DEBUG] [mixin/]: Instancing new MixinPlatformAgentDefault for SecureJarResource(crackerslib)
[24Apr2025 23:53:59.818] [main/DEBUG] [mixin/]: MixinPlatformAgentDefault accepted container SecureJarResource(crackerslib)
[24Apr2025 23:53:59.818] [main/DEBUG] [mixin/]: Processing prepare() for PlatformAgent[MixinPlatformAgentDefault:SecureJarResource(crackerslib)]
[24Apr2025 23:53:59.818] [main/DEBUG] [mixin/]: Registering mixin config: crackerslib.mixins.json
[24Apr2025 23:53:59.820] [main/DEBUG] [mixin/]: Adding mixin platform agents for container SecureJarResource(mixinextras)
[24Apr2025 23:53:59.820] [main/DEBUG] [mixin/]: Instancing new MixinPlatformAgentMinecraftForge for SecureJarResource(mixinextras)
[24Apr2025 23:53:59.820] [main/DEBUG] [mixin/]: MixinPlatformAgentMinecraftForge rejected container SecureJarResource(mixinextras)
[24Apr2025 23:53:59.820] [main/DEBUG] [mixin/]: Instancing new MixinPlatformAgentDefault for SecureJarResource(mixinextras)
[24Apr2025 23:53:59.820] [main/DEBUG] [mixin/]: MixinPlatformAgentDefault accepted container SecureJarResource(mixinextras)
[24Apr2025 23:53:59.820] [main/DEBUG] [mixin/]: Processing prepare() for PlatformAgent[MixinPlatformAgentDefault:SecureJarResource(mixinextras)]
[24Apr2025 23:53:59.820] [main/DEBUG] [mixin/]: Registering mixin config: mixinextras.init.mixins.json
[24Apr2025 23:53:59.822] [main/DEBUG] [mixin/]: Adding mixin platform agents for container SecureJarResource(dungeoncrawl)
[24Apr2025 23:53:59.822] [main/DEBUG] [mixin/]: Instancing new MixinPlatformAgentMinecraftForge for SecureJarResource(dungeoncrawl)
[24Apr2025 23:53:59.822] [main/DEBUG] [mixin/]: MixinPlatformAgentMinecraftForge rejected container SecureJarResource(dungeoncrawl)
[24Apr2025 23:53:59.822] [main/DEBUG] [mixin/]: Instancing new MixinPlatformAgentDefault for SecureJarResource(dungeoncrawl)
[24Apr2025 23:53:59.822] [main/DEBUG] [mixin/]: MixinPlatformAgentDefault accepted container SecureJarResource(dungeoncrawl)
[24Apr2025 23:53:59.822] [main/DEBUG] [mixin/]: Processing prepare() for PlatformAgent[MixinPlatformAgentDefault:SecureJarResource(dungeoncrawl)]
[24Apr2025 23:53:59.822] [main/DEBUG] [mixin/]: Adding mixin platform agents for container SecureJarResource(glitchcore)
[24Apr2025 23:53:59.822] [main/DEBUG] [mixin/]: Instancing new MixinPlatformAgentMinecraftForge for SecureJarResource(glitchcore)
[24Apr2025 23:53:59.822] [main/DEBUG] [mixin/]: MixinPlatformAgentMinecraftForge rejected container SecureJarResource(glitchcore)
[24Apr2025 23:53:59.822] [main/DEBUG] [mixin/]: Instancing new MixinPlatformAgentDefault for SecureJarResource(glitchcore)
[24Apr2025 23:53:59.822] [main/DEBUG] [mixin/]: MixinPlatformAgentDefault accepted container SecureJarResource(glitchcore)
[24Apr2025 23:53:59.822] [main/DEBUG] [mixin/]: Processing prepare() for PlatformAgent[MixinPlatformAgentDefault:SecureJarResource(glitchcore)]
[24Apr2025 23:53:59.822] [main/DEBUG] [mixin/]: Registering mixin config: glitchcore.mixins.json
[24Apr2025 23:53:59.824] [main/DEBUG] [mixin/]: Registering mixin config: glitchcore.forge.mixins.json
[24Apr2025 23:53:59.826] [main/DEBUG] [mixin/]: Adding mixin platform agents for container SecureJarResource(balm)
[24Apr2025 23:53:59.827] [main/DEBUG] [mixin/]: Instancing new MixinPlatformAgentMinecraftForge for SecureJarResource(balm)
[24Apr2025 23:53:59.827] [main/DEBUG] [mixin/]: MixinPlatformAgentMinecraftForge rejected container SecureJarResource(balm)
[24Apr2025 23:53:59.827] [main/DEBUG] [mixin/]: Instancing new MixinPlatformAgentDefault for SecureJarResource(balm)
[24Apr2025 23:53:59.827] [main/DEBUG] [mixin/]: MixinPlatformAgentDefault accepted container SecureJarResource(balm)
[24Apr2025 23:53:59.827] [main/DEBUG] [mixin/]: Processing prepare() for PlatformAgent[MixinPlatformAgentDefault:SecureJarResource(balm)]
[24Apr2025 23:53:59.827] [main/DEBUG] [mixin/]: Registering mixin config: balm.mixins.json
[24Apr2025 23:53:59.829] [main/DEBUG] [mixin/]: Adding mixin platform agents for container SecureJarResource(terralith)
[24Apr2025 23:53:59.829] [main/DEBUG] [mixin/]: Instancing new MixinPlatformAgentMinecraftForge for SecureJarResource(terralith)
[24Apr2025 23:53:59.830] [main/DEBUG] [mixin/]: MixinPlatformAgentMinecraftForge rejected container SecureJarResource(terralith)
[24Apr2025 23:53:59.830] [main/DEBUG] [mixin/]: Instancing new MixinPlatformAgentDefault for SecureJarResource(terralith)
[24Apr2025 23:53:59.830] [main/DEBUG] [mixin/]: MixinPlatformAgentDefault accepted container SecureJarResource(terralith)
[24Apr2025 23:53:59.830] [main/DEBUG] [mixin/]: Processing prepare() for PlatformAgent[MixinPlatformAgentDefault:SecureJarResource(terralith)]
[24Apr2025 23:53:59.830] [main/DEBUG] [mixin/]: Adding mixin platform agents for container SecureJarResource(carryon)
[24Apr2025 23:53:59.830] [main/DEBUG] [mixin/]: Instancing new MixinPlatformAgentMinecraftForge for SecureJarResource(carryon)
[24Apr2025 23:53:59.830] [main/DEBUG] [mixin/]: MixinPlatformAgentMinecraftForge rejected container SecureJarResource(carryon)
[24Apr2025 23:53:59.830] [main/DEBUG] [mixin/]: Instancing new MixinPlatformAgentDefault for SecureJarResource(carryon)
[24Apr2025 23:53:59.830] [main/DEBUG] [mixin/]: MixinPlatformAgentDefault accepted container SecureJarResource(carryon)
[24Apr2025 23:53:59.830] [main/DEBUG] [mixin/]: Processing prepare() for PlatformAgent[MixinPlatformAgentDefault:SecureJarResource(carryon)]
[24Apr2025 23:53:59.830] [main/DEBUG] [mixin/]: Registering mixin config: carryon.mixins.json
[24Apr2025 23:53:59.832] [main/DEBUG] [mixin/]: Registering mixin config: carryon.forge.mixins.json
[24Apr2025 23:53:59.834] [main/DEBUG] [mixin/]: Adding mixin platform agents for container SecureJarResource(dungeons_arise_seven_seas)
[24Apr2025 23:53:59.834] [main/DEBUG] [mixin/]: Instancing new MixinPlatformAgentMinecraftForge for SecureJarResource(dungeons_arise_seven_seas)
[24Apr2025 23:53:59.835] [main/DEBUG] [mixin/]: MixinPlatformAgentMinecraftForge rejected container SecureJarResource(dungeons_arise_seven_seas)
[24Apr2025 23:53:59.835] [main/DEBUG] [mixin/]: Instancing new MixinPlatformAgentDefault for SecureJarResource(dungeons_arise_seven_seas)
[24Apr2025 23:53:59.835] [main/DEBUG] [mixin/]: MixinPlatformAgentDefault accepted container SecureJarResource(dungeons_arise_seven_seas)
[24Apr2025 23:53:59.835] [main/DEBUG] [mixin/]: Processing prepare() for PlatformAgent[MixinPlatformAgentDefault:SecureJarResource(dungeons_arise_seven_seas)]
[24Apr2025 23:53:59.835] [main/DEBUG] [mixin/]: Adding mixin platform agents for container SecureJarResource(forge)
[24Apr2025 23:53:59.835] [main/DEBUG] [mixin/]: Instancing new MixinPlatformAgentMinecraftForge for SecureJarResource(forge)
[24Apr2025 23:53:59.836] [main/DEBUG] [mixin/]: MixinPlatformAgentMinecraftForge rejected container SecureJarResource(forge)
[24Apr2025 23:53:59.836] [main/DEBUG] [mixin/]: Instancing new MixinPlatformAgentDefault for SecureJarResource(forge)
[24Apr2025 23:53:59.836] [main/DEBUG] [mixin/]: MixinPlatformAgentDefault accepted container SecureJarResource(forge)
[24Apr2025 23:53:59.836] [main/DEBUG] [mixin/]: Processing prepare() for PlatformAgent[MixinPlatformAgentDefault:SecureJarResource(forge)]
[24Apr2025 23:53:59.836] [main/DEBUG] [mixin/]: Adding mixin platform agents for container SecureJarResource(twilightforest)
[24Apr2025 23:53:59.836] [main/DEBUG] [mixin/]: Instancing new MixinPlatformAgentMinecraftForge for SecureJarResource(twilightforest)
[24Apr2025 23:53:59.837] [main/DEBUG] [mixin/]: MixinPlatformAgentMinecraftForge rejected container SecureJarResource(twilightforest)
[24Apr2025 23:53:59.837] [main/DEBUG] [mixin/]: Instancing new MixinPlatformAgentDefault for SecureJarResource(twilightforest)
[24Apr2025 23:53:59.837] [main/DEBUG] [mixin/]: MixinPlatformAgentDefault accepted container SecureJarResource(twilightforest)
[24Apr2025 23:53:59.837] [main/DEBUG] [mixin/]: Processing prepare() for PlatformAgent[MixinPlatformAgentDefault:SecureJarResource(twilightforest)]
[24Apr2025 23:53:59.837] [main/DEBUG] [mixin/]: Adding mixin platform agents for container SecureJarResource(supplementaries)
[24Apr2025 23:53:59.837] [main/DEBUG] [mixin/]: Instancing new MixinPlatformAgentMinecraftForge for SecureJarResource(supplementaries)
[24Apr2025 23:53:59.838] [main/DEBUG] [mixin/]: MixinPlatformAgentMinecraftForge rejected container SecureJarResource(supplementaries)
[24Apr2025 23:53:59.838] [main/DEBUG] [mixin/]: Instancing new MixinPlatformAgentDefault for SecureJarResource(supplementaries)
[24Apr2025 23:53:59.838] [main/DEBUG] [mixin/]: MixinPlatformAgentDefault accepted container SecureJarResource(supplementaries)
[24Apr2025 23:53:59.838] [main/DEBUG] [mixin/]: Processing prepare() for PlatformAgent[MixinPlatformAgentDefault:SecureJarResource(supplementaries)]
[24Apr2025 23:53:59.838] [main/DEBUG] [mixin/]: Registering mixin config: supplementaries-common.mixins.json
[24Apr2025 23:53:59.840] [main/DEBUG] [mixin/]: Registering mixin config: supplementaries.mixins.json
[24Apr2025 23:53:59.842] [main/DEBUG] [mixin/]: Adding mixin platform agents for container SecureJarResource(prettypipes)
[24Apr2025 23:53:59.842] [main/DEBUG] [mixin/]: Instancing new MixinPlatformAgentMinecraftForge for SecureJarResource(prettypipes)
[24Apr2025 23:53:59.842] [main/DEBUG] [mixin/]: MixinPlatformAgentMinecraftForge rejected container SecureJarResource(prettypipes)
[24Apr2025 23:53:59.842] [main/DEBUG] [mixin/]: Instancing new MixinPlatformAgentDefault for SecureJarResource(prettypipes)
[24Apr2025 23:53:59.842] [main/DEBUG] [mixin/]: MixinPlatformAgentDefault accepted container SecureJarResource(prettypipes)
[24Apr2025 23:53:59.842] [main/DEBUG] [mixin/]: Processing prepare() for PlatformAgent[MixinPlatformAgentDefault:SecureJarResource(prettypipes)]
[24Apr2025 23:53:59.842] [main/DEBUG] [mixin/]: Adding mixin platform agents for container SecureJarResource(structure_gel)
[24Apr2025 23:53:59.842] [main/DEBUG] [mixin/]: Instancing new MixinPlatformAgentMinecraftForge for SecureJarResource(structure_gel)
[24Apr2025 23:53:59.842] [main/DEBUG] [mixin/]: MixinPlatformAgentMinecraftForge rejected container SecureJarResource(structure_gel)
[24Apr2025 23:53:59.842] [main/DEBUG] [mixin/]: Instancing new MixinPlatformAgentDefault for SecureJarResource(structure_gel)
[24Apr2025 23:53:59.843] [main/DEBUG] [mixin/]: MixinPlatformAgentDefault accepted container SecureJarResource(structure_gel)
[24Apr2025 23:53:59.843] [main/DEBUG] [mixin/]: Processing prepare() for PlatformAgent[MixinPlatformAgentDefault:SecureJarResource(structure_gel)]
[24Apr2025 23:53:59.843] [main/DEBUG] [mixin/]: Registering mixin config: structure_gel.mixins.json
[24Apr2025 23:53:59.844] [main/DEBUG] [mixin/]: Adding mixin platform agents for container SecureJarResource(corpse)
[24Apr2025 23:53:59.845] [main/DEBUG] [mixin/]: Instancing new MixinPlatformAgentMinecraftForge for SecureJarResource(corpse)
[24Apr2025 23:53:59.845] [main/DEBUG] [mixin/]: MixinPlatformAgentMinecraftForge rejected container SecureJarResource(corpse)
[24Apr2025 23:53:59.845] [main/DEBUG] [mixin/]: Instancing new MixinPlatformAgentDefault for SecureJarResource(corpse)
[24Apr2025 23:53:59.845] [main/DEBUG] [mixin/]: MixinPlatformAgentDefault accepted container SecureJarResource(corpse)
[24Apr2025 23:53:59.845] [main/DEBUG] [mixin/]: Processing prepare() for PlatformAgent[MixinPlatformAgentDefault:SecureJarResource(corpse)]
[24Apr2025 23:53:59.845] [main/DEBUG] [mixin/]: Adding mixin platform agents for container SecureJarResource(dungeons_arise)
[24Apr2025 23:53:59.845] [main/DEBUG] [mixin/]: Instancing new MixinPlatformAgentMinecraftForge for SecureJarResource(dungeons_arise)
[24Apr2025 23:53:59.845] [main/DEBUG] [mixin/]: MixinPlatformAgentMinecraftForge rejected container SecureJarResource(dungeons_arise)
[24Apr2025 23:53:59.845] [main/DEBUG] [mixin/]: Instancing new MixinPlatformAgentDefault for SecureJarResource(dungeons_arise)
[24Apr2025 23:53:59.845] [main/DEBUG] [mixin/]: MixinPlatformAgentDefault accepted container SecureJarResource(dungeons_arise)
[24Apr2025 23:53:59.845] [main/DEBUG] [mixin/]: Processing prepare() for PlatformAgent[MixinPlatformAgentDefault:SecureJarResource(dungeons_arise)]
[24Apr2025 23:53:59.845] [main/DEBUG] [mixin/]: Adding mixin platform agents for container SecureJarResource(minecraft)
[24Apr2025 23:53:59.845] [main/DEBUG] [mixin/]: Instancing new MixinPlatformAgentMinecraftForge for SecureJarResource(minecraft)
[24Apr2025 23:53:59.845] [main/DEBUG] [mixin/]: MixinPlatformAgentMinecraftForge rejected container SecureJarResource(minecraft)
[24Apr2025 23:53:59.845] [main/DEBUG] [mixin/]: Instancing new MixinPlatformAgentDefault for SecureJarResource(minecraft)
[24Apr2025 23:53:59.845] [main/DEBUG] [mixin/]: MixinPlatformAgentDefault accepted container SecureJarResource(minecraft)
[24Apr2025 23:53:59.845] [main/DEBUG] [mixin/]: Processing prepare() for PlatformAgent[MixinPlatformAgentDefault:SecureJarResource(minecraft)]
[24Apr2025 23:53:59.846] [main/DEBUG] [mixin/]: Adding mixin platform agents for container SecureJarResource(ati_structuresv)
[24Apr2025 23:53:59.846] [main/DEBUG] [mixin/]: Instancing new MixinPlatformAgentMinecraftForge for SecureJarResource(ati_structuresv)
[24Apr2025 23:53:59.846] [main/DEBUG] [mixin/]: MixinPlatformAgentMinecraftForge rejected container SecureJarResource(ati_structuresv)
[24Apr2025 23:53:59.846] [main/DEBUG] [mixin/]: Instancing new MixinPlatformAgentDefault for SecureJarResource(ati_structuresv)
[24Apr2025 23:53:59.846] [main/DEBUG] [mixin/]: MixinPlatformAgentDefault accepted container SecureJarResource(ati_structuresv)
[24Apr2025 23:53:59.846] [main/DEBUG] [mixin/]: Processing prepare() for PlatformAgent[MixinPlatformAgentDefault:SecureJarResource(ati_structuresv)]
[24Apr2025 23:53:59.846] [main/DEBUG] [mixin/]: Adding mixin platform agents for container SecureJarResource(terrablender)
[24Apr2025 23:53:59.846] [main/DEBUG] [mixin/]: Instancing new MixinPlatformAgentMinecraftForge for SecureJarResource(terrablender)
[24Apr2025 23:53:59.846] [main/DEBUG] [mixin/]: MixinPlatformAgentMinecraftForge rejected container SecureJarResource(terrablender)
[24Apr2025 23:53:59.846] [main/DEBUG] [mixin/]: Instancing new MixinPlatformAgentDefault for SecureJarResource(terrablender)
[24Apr2025 23:53:59.847] [main/DEBUG] [mixin/]: MixinPlatformAgentDefault accepted container SecureJarResource(terrablender)
[24Apr2025 23:53:59.847] [main/DEBUG] [mixin/]: Processing prepare() for PlatformAgent[MixinPlatformAgentDefault:SecureJarResource(terrablender)]
[24Apr2025 23:53:59.847] [main/DEBUG] [mixin/]: Registering mixin config: terrablender.mixins.json
[24Apr2025 23:53:59.849] [main/DEBUG] [mixin/]: Registering mixin config: terrablender_forge.mixins.json
[24Apr2025 23:53:59.851] [main/DEBUG] [mixin/]: Adding mixin platform agents for container SecureJarResource(moonlight)
[24Apr2025 23:53:59.851] [main/DEBUG] [mixin/]: Instancing new MixinPlatformAgentMinecraftForge for SecureJarResource(moonlight)
[24Apr2025 23:53:59.851] [main/DEBUG] [mixin/]: MixinPlatformAgentMinecraftForge rejected container SecureJarResource(moonlight)
[24Apr2025 23:53:59.851] [main/DEBUG] [mixin/]: Instancing new MixinPlatformAgentDefault for SecureJarResource(moonlight)
[24Apr2025 23:53:59.852] [main/DEBUG] [mixin/]: MixinPlatformAgentDefault accepted container SecureJarResource(moonlight)
[24Apr2025 23:53:59.852] [main/DEBUG] [mixin/]: Processing prepare() for PlatformAgent[MixinPlatformAgentDefault:SecureJarResource(moonlight)]
[24Apr2025 23:53:59.852] [main/DEBUG] [mixin/]: Registering mixin config: moonlight-common.mixins.json
[24Apr2025 23:53:59.854] [main/DEBUG] [mixin/]: Registering mixin config: moonlight.mixins.json
[24Apr2025 23:53:59.856] [main/DEBUG] [mixin/]: Adding mixin platform agents for container SecureJarResource(biomesoplenty)
[24Apr2025 23:53:59.856] [main/DEBUG] [mixin/]: Instancing new MixinPlatformAgentMinecraftForge for SecureJarResource(biomesoplenty)
[24Apr2025 23:53:59.856] [main/DEBUG] [mixin/]: MixinPlatformAgentMinecraftForge rejected container SecureJarResource(biomesoplenty)
[24Apr2025 23:53:59.856] [main/DEBUG] [mixin/]: Instancing new MixinPlatformAgentDefault for SecureJarResource(biomesoplenty)
[24Apr2025 23:53:59.856] [main/DEBUG] [mixin/]: MixinPlatformAgentDefault accepted container SecureJarResource(biomesoplenty)
[24Apr2025 23:53:59.856] [main/DEBUG] [mixin/]: Processing prepare() for PlatformAgent[MixinPlatformAgentDefault:SecureJarResource(biomesoplenty)]
[24Apr2025 23:53:59.856] [main/DEBUG] [mixin/]: Registering mixin config: biomesoplenty.mixins.json
[24Apr2025 23:53:59.858] [main/DEBUG] [mixin/]: Registering mixin config: biomesoplenty.forge.mixins.json
[24Apr2025 23:53:59.859] [main/DEBUG] [mixin/]: Adding mixin platform agents for container SecureJarResource(mixinsquared)
[24Apr2025 23:53:59.860] [main/DEBUG] [mixin/]: Instancing new MixinPlatformAgentMinecraftForge for SecureJarResource(mixinsquared)
[24Apr2025 23:53:59.860] [main/DEBUG] [mixin/]: MixinPlatformAgentMinecraftForge rejected container SecureJarResource(mixinsquared)
[24Apr2025 23:53:59.860] [main/DEBUG] [mixin/]: Instancing new MixinPlatformAgentDefault for SecureJarResource(mixinsquared)
[24Apr2025 23:53:59.860] [main/DEBUG] [mixin/]: MixinPlatformAgentDefault accepted container SecureJarResource(mixinsquared)
[24Apr2025 23:53:59.860] [main/DEBUG] [mixin/]: Processing prepare() for PlatformAgent[MixinPlatformAgentDefault:SecureJarResource(mixinsquared)]
[24Apr2025 23:53:59.860] [main/DEBUG] [mixin/]: Registering mixin config: mixinsquared.init.mixins.json
[24Apr2025 23:53:59.862] [main/DEBUG] [mixin/]: Adding mixin platform agents for container SecureJarResource(jade)
[24Apr2025 23:53:59.862] [main/DEBUG] [mixin/]: Instancing new MixinPlatformAgentMinecraftForge for SecureJarResource(jade)
[24Apr2025 23:53:59.862] [main/DEBUG] [mixin/]: MixinPlatformAgentMinecraftForge rejected container SecureJarResource(jade)
[24Apr2025 23:53:59.862] [main/DEBUG] [mixin/]: Instancing new MixinPlatformAgentDefault for SecureJarResource(jade)
[24Apr2025 23:53:59.862] [main/DEBUG] [mixin/]: MixinPlatformAgentDefault accepted container SecureJarResource(jade)
[24Apr2025 23:53:59.862] [main/DEBUG] [mixin/]: Processing prepare() for PlatformAgent[MixinPlatformAgentDefault:SecureJarResource(jade)]
[24Apr2025 23:53:59.863] [main/DEBUG] [mixin/]: Registering mixin config: jade.mixins.json
[24Apr2025 23:53:59.864] [main/DEBUG] [mixin/]: Compatibility level JAVA_16 specified by jade.mixins.json is higher than the maximum level supported by this version of mixin (JAVA_13).
[24Apr2025 23:53:59.864] [main/DEBUG] [mixin/]: Adding mixin platform agents for container SecureJarResource(obscure_tooltips)
[24Apr2025 23:53:59.865] [main/DEBUG] [mixin/]: Instancing new MixinPlatformAgentMinecraftForge for SecureJarResource(obscure_tooltips)
[24Apr2025 23:53:59.865] [main/DEBUG] [mixin/]: MixinPlatformAgentMinecraftForge rejected container SecureJarResource(obscure_tooltips)
[24Apr2025 23:53:59.865] [main/DEBUG] [mixin/]: Instancing new MixinPlatformAgentDefault for SecureJarResource(obscure_tooltips)
[24Apr2025 23:53:59.865] [main/DEBUG] [mixin/]: MixinPlatformAgentDefault accepted container SecureJarResource(obscure_tooltips)
[24Apr2025 23:53:59.865] [main/DEBUG] [mixin/]: Processing prepare() for PlatformAgent[MixinPlatformAgentDefault:SecureJarResource(obscure_tooltips)]
[24Apr2025 23:53:59.865] [main/DEBUG] [mixin/]: Registering mixin config: obscure_tooltips.mixins.json
[24Apr2025 23:53:59.867] [main/DEBUG] [mixin/]: Adding mixin platform agents for container SecureJarResource(mr_dungeons_andtavernsstrongholdrework)
[24Apr2025 23:53:59.867] [main/DEBUG] [mixin/]: Instancing new MixinPlatformAgentMinecraftForge for SecureJarResource(mr_dungeons_andtavernsstrongholdrework)
[24Apr2025 23:53:59.867] [main/DEBUG] [mixin/]: MixinPlatformAgentMinecraftForge rejected container SecureJarResource(mr_dungeons_andtavernsstrongholdrework)
[24Apr2025 23:53:59.867] [main/DEBUG] [mixin/]: Instancing new MixinPlatformAgentDefault for SecureJarResource(mr_dungeons_andtavernsstrongholdrework)
[24Apr2025 23:53:59.868] [main/DEBUG] [mixin/]: MixinPlatformAgentDefault accepted container SecureJarResource(mr_dungeons_andtavernsstrongholdrework)
[24Apr2025 23:53:59.868] [main/DEBUG] [mixin/]: Processing prepare() for PlatformAgent[MixinPlatformAgentDefault:SecureJarResource(mr_dungeons_andtavernsstrongholdrework)]
[24Apr2025 23:53:59.868] [main/DEBUG] [mixin/]: Adding mixin platform agents for container SecureJarResource(hoporp)
[24Apr2025 23:53:59.868] [main/DEBUG] [mixin/]: Instancing new MixinPlatformAgentMinecraftForge for SecureJarResource(hoporp)
[24Apr2025 23:53:59.868] [main/DEBUG] [mixin/]: MixinPlatformAgentMinecraftForge rejected container SecureJarResource(hoporp)
[24Apr2025 23:53:59.868] [main/DEBUG] [mixin/]: Instancing new MixinPlatformAgentDefault for SecureJarResource(hoporp)
[24Apr2025 23:53:59.868] [main/DEBUG] [mixin/]: MixinPlatformAgentDefault accepted container SecureJarResource(hoporp)
[24Apr2025 23:53:59.868] [main/DEBUG] [mixin/]: Processing prepare() for PlatformAgent[MixinPlatformAgentDefault:SecureJarResource(hoporp)]
[24Apr2025 23:53:59.869] [main/DEBUG] [mixin/]: Adding mixin platform agents for container SecureJarResource(cleanswing)
[24Apr2025 23:53:59.869] [main/DEBUG] [mixin/]: Instancing new MixinPlatformAgentMinecraftForge for SecureJarResource(cleanswing)
[24Apr2025 23:53:59.869] [main/DEBUG] [mixin/]: MixinPlatformAgentMinecraftForge rejected container SecureJarResource(cleanswing)
[24Apr2025 23:53:59.869] [main/DEBUG] [mixin/]: Instancing new MixinPlatformAgentDefault for SecureJarResource(cleanswing)
[24Apr2025 23:53:59.869] [main/DEBUG] [mixin/]: MixinPlatformAgentDefault accepted container SecureJarResource(cleanswing)
[24Apr2025 23:53:59.869] [main/DEBUG] [mixin/]: Processing prepare() for PlatformAgent[MixinPlatformAgentDefault:SecureJarResource(cleanswing)]
[24Apr2025 23:53:59.869] [main/DEBUG] [mixin/]: Adding mixin platform agents for container SecureJarResource(noanimaltemptdelay)
[24Apr2025 23:53:59.870] [main/DEBUG] [mixin/]: Instancing new MixinPlatformAgentMinecraftForge for SecureJarResource(noanimaltemptdelay)
[24Apr2025 23:53:59.870] [main/DEBUG] [mixin/]: MixinPlatformAgentMinecraftForge rejected container SecureJarResource(noanimaltemptdelay)
[24Apr2025 23:53:59.870] [main/DEBUG] [mixin/]: Instancing new MixinPlatformAgentDefault for SecureJarResource(noanimaltemptdelay)
[24Apr2025 23:53:59.870] [main/DEBUG] [mixin/]: MixinPlatformAgentDefault accepted container SecureJarResource(noanimaltemptdelay)
[24Apr2025 23:53:59.870] [main/DEBUG] [mixin/]: Processing prepare() for PlatformAgent[MixinPlatformAgentDefault:SecureJarResource(noanimaltemptdelay)]
[24Apr2025 23:53:59.870] [main/DEBUG] [mixin/]: Registering mixin config: noanimaltemptdelay_forge.mixins.json
[24Apr2025 23:53:59.872] [main/DEBUG] [mixin/]: Adding mixin platform agents for container SecureJarResource(dungeons_enhanced)
[24Apr2025 23:53:59.872] [main/DEBUG] [mixin/]: Instancing new MixinPlatformAgentMinecraftForge for SecureJarResource(dungeons_enhanced)
[24Apr2025 23:53:59.872] [main/DEBUG] [mixin/]: MixinPlatformAgentMinecraftForge rejected container SecureJarResource(dungeons_enhanced)
[24Apr2025 23:53:59.873] [main/DEBUG] [mixin/]: Instancing new MixinPlatformAgentDefault for SecureJarResource(dungeons_enhanced)
[24Apr2025 23:53:59.873] [main/DEBUG] [mixin/]: MixinPlatformAgentDefault accepted container SecureJarResource(dungeons_enhanced)
[24Apr2025 23:53:59.873] [main/DEBUG] [mixin/]: Processing prepare() for PlatformAgent[MixinPlatformAgentDefault:SecureJarResource(dungeons_enhanced)]
[24Apr2025 23:53:59.873] [main/DEBUG] [mixin/]: Adding mixin platform agents for container SecureJarResource(fromanotherworld)
[24Apr2025 23:53:59.873] [main/DEBUG] [mixin/]: Instancing new MixinPlatformAgentMinecraftForge for SecureJarResource(fromanotherworld)
[24Apr2025 23:53:59.873] [main/DEBUG] [mixin/]: MixinPlatformAgentMinecraftForge rejected container SecureJarResource(fromanotherworld)
[24Apr2025 23:53:59.873] [main/DEBUG] [mixin/]: Instancing new MixinPlatformAgentDefault for SecureJarResource(fromanotherworld)
[24Apr2025 23:53:59.874] [main/DEBUG] [mixin/]: MixinPlatformAgentDefault accepted container SecureJarResource(fromanotherworld)
[24Apr2025 23:53:59.874] [main/DEBUG] [mixin/]: Processing prepare() for PlatformAgent[MixinPlatformAgentDefault:SecureJarResource(fromanotherworld)]
[24Apr2025 23:53:59.874] [main/DEBUG] [mixin/]: Registering mixin config: fromanotherworld-common.mixins.json
[24Apr2025 23:53:59.876] [main/DEBUG] [mixin/]: Adding mixin platform agents for container SecureJarResource(azurelib)
[24Apr2025 23:53:59.876] [main/DEBUG] [mixin/]: Instancing new MixinPlatformAgentMinecraftForge for SecureJarResource(azurelib)
[24Apr2025 23:53:59.876] [main/DEBUG] [mixin/]: MixinPlatformAgentMinecraftForge rejected container SecureJarResource(azurelib)
[24Apr2025 23:53:59.876] [main/DEBUG] [mixin/]: Instancing new MixinPlatformAgentDefault for SecureJarResource(azurelib)
[24Apr2025 23:53:59.876] [main/DEBUG] [mixin/]: MixinPlatformAgentDefault accepted container SecureJarResource(azurelib)
[24Apr2025 23:53:59.876] [main/DEBUG] [mixin/]: Processing prepare() for PlatformAgent[MixinPlatformAgentDefault:SecureJarResource(azurelib)]
[24Apr2025 23:53:59.876] [main/DEBUG] [mixin/]: Registering mixin config: azurelib.mixins.json
[24Apr2025 23:53:59.878] [main/ERROR] [mixin/]: Mixin config azurelib.mixins.json does not specify "minVersion" property
[24Apr2025 23:53:59.878] [main/DEBUG] [mixin/]: Registering mixin config: azurelib.forge.mixins.json
[24Apr2025 23:53:59.880] [main/ERROR] [mixin/]: Mixin config azurelib.forge.mixins.json does not specify "minVersion" property
[24Apr2025 23:53:59.880] [main/DEBUG] [mixin/]: Adding mixin platform agents for container SecureJarResource(xaerominimap)
[24Apr2025 23:53:59.880] [main/DEBUG] [mixin/]: Instancing new MixinPlatformAgentMinecraftForge for SecureJarResource(xaerominimap)
[24Apr2025 23:53:59.880] [main/DEBUG] [mixin/]: MixinPlatformAgentMinecraftForge rejected container SecureJarResource(xaerominimap)
[24Apr2025 23:53:59.881] [main/DEBUG] [mixin/]: Instancing new MixinPlatformAgentDefault for SecureJarResource(xaerominimap)
[24Apr2025 23:53:59.881] [main/DEBUG] [mixin/]: MixinPlatformAgentDefault accepted container SecureJarResource(xaerominimap)
[24Apr2025 23:53:59.881] [main/DEBUG] [mixin/]: Processing prepare() for PlatformAgent[MixinPlatformAgentDefault:SecureJarResource(xaerominimap)]
[24Apr2025 23:53:59.881] [main/DEBUG] [mixin/]: Adding mixin platform agents for container SecureJarResource(collective)
[24Apr2025 23:53:59.881] [main/DEBUG] [mixin/]: Instancing new MixinPlatformAgentMinecraftForge for SecureJarResource(collective)
[24Apr2025 23:53:59.881] [main/DEBUG] [mixin/]: MixinPlatformAgentMinecraftForge rejected container SecureJarResource(collective)
[24Apr2025 23:53:59.881] [main/DEBUG] [mixin/]: Instancing new MixinPlatformAgentDefault for SecureJarResource(collective)
[24Apr2025 23:53:59.881] [main/DEBUG] [mixin/]: MixinPlatformAgentDefault accepted container SecureJarResource(collective)
[24Apr2025 23:53:59.881] [main/DEBUG] [mixin/]: Processing prepare() for PlatformAgent[MixinPlatformAgentDefault:SecureJarResource(collective)]
[24Apr2025 23:53:59.881] [main/DEBUG] [mixin/]: Registering mixin config: collective_forge.mixins.json
[24Apr2025 23:53:59.882] [main/DEBUG] [mixin/]: Adding mixin platform agents for container SecureJarResource(camera)
[24Apr2025 23:53:59.882] [main/DEBUG] [mixin/]: Instancing new MixinPlatformAgentMinecraftForge for SecureJarResource(camera)
[24Apr2025 23:53:59.883] [main/DEBUG] [mixin/]: MixinPlatformAgentMinecraftForge rejected container SecureJarResource(camera)
[24Apr2025 23:53:59.883] [main/DEBUG] [mixin/]: Instancing new MixinPlatformAgentDefault for SecureJarResource(camera)
[24Apr2025 23:53:59.883] [main/DEBUG] [mixin/]: MixinPlatformAgentDefault accepted container SecureJarResource(camera)
[24Apr2025 23:53:59.883] [main/DEBUG] [mixin/]: Processing prepare() for PlatformAgent[MixinPlatformAgentDefault:SecureJarResource(camera)]
[24Apr2025 23:53:59.883] [main/DEBUG] [mixin/]: Adding mixin platform agents for container SecureJarResource(advancednetherite)
[24Apr2025 23:53:59.883] [main/DEBUG] [mixin/]: Instancing new MixinPlatformAgentMinecraftForge for SecureJarResource(advancednetherite)
[24Apr2025 23:53:59.883] [main/DEBUG] [mixin/]: MixinPlatformAgentMinecraftForge rejected container SecureJarResource(advancednetherite)
[24Apr2025 23:53:59.883] [main/DEBUG] [mixin/]: Instancing new MixinPlatformAgentDefault for SecureJarResource(advancednetherite)
[24Apr2025 23:53:59.883] [main/DEBUG] [mixin/]: MixinPlatformAgentDefault accepted container SecureJarResource(advancednetherite)
[24Apr2025 23:53:59.883] [main/DEBUG] [mixin/]: Processing prepare() for PlatformAgent[MixinPlatformAgentDefault:SecureJarResource(advancednetherite)]
[24Apr2025 23:53:59.883] [main/DEBUG] [mixin/]: Adding mixin platform agents for container SecureJarResource(storagedrawers)
[24Apr2025 23:53:59.883] [main/DEBUG] [mixin/]: Instancing new MixinPlatformAgentMinecraftForge for SecureJarResource(storagedrawers)
[24Apr2025 23:53:59.883] [main/DEBUG] [mixin/]: MixinPlatformAgentMinecraftForge rejected container SecureJarResource(storagedrawers)
[24Apr2025 23:53:59.883] [main/DEBUG] [mixin/]: Instancing new MixinPlatformAgentDefault for SecureJarResource(storagedrawers)
[24Apr2025 23:53:59.883] [main/DEBUG] [mixin/]: MixinPlatformAgentDefault accepted container SecureJarResource(storagedrawers)
[24Apr2025 23:53:59.883] [main/DEBUG] [mixin/]: Processing prepare() for PlatformAgent[MixinPlatformAgentDefault:SecureJarResource(storagedrawers)]
[24Apr2025 23:53:59.883] [main/DEBUG] [mixin/]: Adding mixin platform agents for container SecureJarResource(measurements)
[24Apr2025 23:53:59.883] [main/DEBUG] [mixin/]: Instancing new MixinPlatformAgentMinecraftForge for SecureJarResource(measurements)
[24Apr2025 23:53:59.883] [main/DEBUG] [mixin/]: MixinPlatformAgentMinecraftForge rejected container SecureJarResource(measurements)
[24Apr2025 23:53:59.883] [main/DEBUG] [mixin/]: Instancing new MixinPlatformAgentDefault for SecureJarResource(measurements)
[24Apr2025 23:53:59.883] [main/DEBUG] [mixin/]: MixinPlatformAgentDefault accepted container SecureJarResource(measurements)
[24Apr2025 23:53:59.883] [main/DEBUG] [mixin/]: Processing prepare() for PlatformAgent[MixinPlatformAgentDefault:SecureJarResource(measurements)]
[24Apr2025 23:53:59.883] [main/DEBUG] [mixin/]: Adding mixin platform agents for container SecureJarResource(mr_dungeons_andtaverns)
[24Apr2025 23:53:59.883] [main/DEBUG] [mixin/]: Instancing new MixinPlatformAgentMinecraftForge for SecureJarResource(mr_dungeons_andtaverns)
[24Apr2025 23:53:59.883] [main/DEBUG] [mixin/]: MixinPlatformAgentMinecraftForge rejected container SecureJarResource(mr_dungeons_andtaverns)
[24Apr2025 23:53:59.883] [main/DEBUG] [mixin/]: Instancing new MixinPlatformAgentDefault for SecureJarResource(mr_dungeons_andtaverns)
[24Apr2025 23:53:59.883] [main/DEBUG] [mixin/]: MixinPlatformAgentDefault accepted container SecureJarResource(mr_dungeons_andtaverns)
[24Apr2025 23:53:59.883] [main/DEBUG] [mixin/]: Processing prepare() for PlatformAgent[MixinPlatformAgentDefault:SecureJarResource(mr_dungeons_andtaverns)]
[24Apr2025 23:53:59.883] [main/DEBUG] [mixin/]: Adding mixin platform agents for container SecureJarResource(witherstormmod)
[24Apr2025 23:53:59.883] [main/DEBUG] [mixin/]: Instancing new MixinPlatformAgentMinecraftForge for SecureJarResource(witherstormmod)
[24Apr2025 23:53:59.883] [main/DEBUG] [mixin/]: MixinPlatformAgentMinecraftForge rejected container SecureJarResource(witherstormmod)
[24Apr2025 23:53:59.883] [main/DEBUG] [mixin/]: Instancing new MixinPlatformAgentDefault for SecureJarResource(witherstormmod)
[24Apr2025 23:53:59.883] [main/DEBUG] [mixin/]: MixinPlatformAgentDefault accepted container SecureJarResource(witherstormmod)
[24Apr2025 23:53:59.883] [main/DEBUG] [mixin/]: Processing prepare() for PlatformAgent[MixinPlatformAgentDefault:SecureJarResource(witherstormmod)]
[24Apr2025 23:53:59.883] [main/DEBUG] [mixin/]: Registering mixin config: witherstormmod.mixins.json
[24Apr2025 23:53:59.887] [main/DEBUG] [mixin/]: Adding mixin platform agents for container SecureJarResource(spore)
[24Apr2025 23:53:59.889] [main/DEBUG] [mixin/]: Instancing new MixinPlatformAgentMinecraftForge for SecureJarResource(spore)
[24Apr2025 23:53:59.889] [main/DEBUG] [mixin/]: MixinPlatformAgentMinecraftForge rejected container SecureJarResource(spore)
[24Apr2025 23:53:59.889] [main/DEBUG] [mixin/]: Instancing new MixinPlatformAgentDefault for SecureJarResource(spore)
[24Apr2025 23:53:59.889] [main/DEBUG] [mixin/]: MixinPlatformAgentDefault accepted container SecureJarResource(spore)
[24Apr2025 23:53:59.889] [main/DEBUG] [mixin/]: Processing prepare() for PlatformAgent[MixinPlatformAgentDefault:SecureJarResource(spore)]
[24Apr2025 23:53:59.889] [main/DEBUG] [mixin/]: Adding mixin platform agents for container SecureJarResource(fromanotherlibrary)
[24Apr2025 23:53:59.889] [main/DEBUG] [mixin/]: Instancing new MixinPlatformAgentMinecraftForge for SecureJarResource(fromanotherlibrary)
[24Apr2025 23:53:59.889] [main/DEBUG] [mixin/]: MixinPlatformAgentMinecraftForge rejected container SecureJarResource(fromanotherlibrary)
[24Apr2025 23:53:59.889] [main/DEBUG] [mixin/]: Instancing new MixinPlatformAgentDefault for SecureJarResource(fromanotherlibrary)
[24Apr2025 23:53:59.889] [main/DEBUG] [mixin/]: MixinPlatformAgentDefault accepted container SecureJarResource(fromanotherlibrary)
[24Apr2025 23:53:59.889] [main/DEBUG] [mixin/]: Processing prepare() for PlatformAgent[MixinPlatformAgentDefault:SecureJarResource(fromanotherlibrary)]
[24Apr2025 23:53:59.890] [main/DEBUG] [mixin/]: Registering mixin config: fromanotherlibrary.mixins.json
[24Apr2025 23:53:59.891] [main/DEBUG] [mixin/]: Registering mixin config: fromanotherlibrary.forge.mixins.json
[24Apr2025 23:53:59.893] [main/DEBUG] [mixin/]: Adding mixin platform agents for container SecureJarResource(extra_dungeons)
[24Apr2025 23:53:59.893] [main/DEBUG] [mixin/]: Instancing new MixinPlatformAgentMinecraftForge for SecureJarResource(extra_dungeons)
[24Apr2025 23:53:59.893] [main/DEBUG] [mixin/]: MixinPlatformAgentMinecraftForge rejected container SecureJarResource(extra_dungeons)
[24Apr2025 23:53:59.893] [main/DEBUG] [mixin/]: Instancing new MixinPlatformAgentDefault for SecureJarResource(extra_dungeons)
[24Apr2025 23:53:59.893] [main/DEBUG] [mixin/]: MixinPlatformAgentDefault accepted container SecureJarResource(extra_dungeons)
[24Apr2025 23:53:59.893] [main/DEBUG] [mixin/]: Processing prepare() for PlatformAgent[MixinPlatformAgentDefault:SecureJarResource(extra_dungeons)]
[24Apr2025 23:53:59.893] [main/DEBUG] [mixin/]: Adding mixin platform agents for container SecureJarResource(fallingtree)
[24Apr2025 23:53:59.893] [main/DEBUG] [mixin/]: Instancing new MixinPlatformAgentMinecraftForge for SecureJarResource(fallingtree)
[24Apr2025 23:53:59.894] [main/DEBUG] [mixin/]: MixinPlatformAgentMinecraftForge rejected container SecureJarResource(fallingtree)
[24Apr2025 23:53:59.894] [main/DEBUG] [mixin/]: Instancing new MixinPlatformAgentDefault for SecureJarResource(fallingtree)
[24Apr2025 23:53:59.894] [main/DEBUG] [mixin/]: MixinPlatformAgentDefault accepted container SecureJarResource(fallingtree)
[24Apr2025 23:53:59.894] [main/DEBUG] [mixin/]: Processing prepare() for PlatformAgent[MixinPlatformAgentDefault:SecureJarResource(fallingtree)]
[24Apr2025 23:53:59.894] [main/DEBUG] [mixin/]: Adding mixin platform agents for container SecureJarResource(org.apfloat)
[24Apr2025 23:53:59.894] [main/DEBUG] [mixin/]: Instancing new MixinPlatformAgentMinecraftForge for SecureJarResource(org.apfloat)
[24Apr2025 23:53:59.894] [main/DEBUG] [mixin/]: MixinPlatformAgentMinecraftForge rejected container SecureJarResource(org.apfloat)
[24Apr2025 23:53:59.894] [main/DEBUG] [mixin/]: Instancing new MixinPlatformAgentDefault for SecureJarResource(org.apfloat)
[24Apr2025 23:53:59.894] [main/DEBUG] [mixin/]: MixinPlatformAgentDefault accepted container SecureJarResource(org.apfloat)
[24Apr2025 23:53:59.894] [main/DEBUG] [mixin/]: Processing prepare() for PlatformAgent[MixinPlatformAgentDefault:SecureJarResource(org.apfloat)]
[24Apr2025 23:53:59.894] [main/DEBUG] [mixin/]: Adding mixin platform agents for container SecureJarResource(org.jheaps)
[24Apr2025 23:53:59.894] [main/DEBUG] [mixin/]: Instancing new MixinPlatformAgentMinecraftForge for SecureJarResource(org.jheaps)
[24Apr2025 23:53:59.894] [main/DEBUG] [mixin/]: MixinPlatformAgentMinecraftForge rejected container SecureJarResource(org.jheaps)
[24Apr2025 23:53:59.894] [main/DEBUG] [mixin/]: Instancing new MixinPlatformAgentDefault for SecureJarResource(org.jheaps)
[24Apr2025 23:53:59.894] [main/DEBUG] [mixin/]: MixinPlatformAgentDefault accepted container SecureJarResource(org.jheaps)
[24Apr2025 23:53:59.894] [main/DEBUG] [mixin/]: Processing prepare() for PlatformAgent[MixinPlatformAgentDefault:SecureJarResource(org.jheaps)]
[24Apr2025 23:53:59.894] [main/DEBUG] [mixin/]: Adding mixin platform agents for container SecureJarResource(MixinSquared)
[24Apr2025 23:53:59.894] [main/DEBUG] [mixin/]: Instancing new MixinPlatformAgentMinecraftForge for SecureJarResource(MixinSquared)
[24Apr2025 23:53:59.894] [main/DEBUG] [mixin/]: MixinPlatformAgentMinecraftForge rejected container SecureJarResource(MixinSquared)
[24Apr2025 23:53:59.894] [main/DEBUG] [mixin/]: Instancing new MixinPlatformAgentDefault for SecureJarResource(MixinSquared)
[24Apr2025 23:53:59.894] [main/DEBUG] [mixin/]: MixinPlatformAgentDefault accepted container SecureJarResource(MixinSquared)
[24Apr2025 23:53:59.894] [main/DEBUG] [mixin/]: Processing prepare() for PlatformAgent[MixinPlatformAgentDefault:SecureJarResource(MixinSquared)]
[24Apr2025 23:53:59.895] [main/DEBUG] [mixin/]: Adding mixin platform agents for container SecureJarResource(org.jgrapht.core)
[24Apr2025 23:53:59.895] [main/DEBUG] [mixin/]: Instancing new MixinPlatformAgentMinecraftForge for SecureJarResource(org.jgrapht.core)
[24Apr2025 23:53:59.895] [main/DEBUG] [mixin/]: MixinPlatformAgentMinecraftForge rejected container SecureJarResource(org.jgrapht.core)
[24Apr2025 23:53:59.895] [main/DEBUG] [mixin/]: Instancing new MixinPlatformAgentDefault for SecureJarResource(org.jgrapht.core)
[24Apr2025 23:53:59.895] [main/DEBUG] [mixin/]: MixinPlatformAgentDefault accepted container SecureJarResource(org.jgrapht.core)
[24Apr2025 23:53:59.895] [main/DEBUG] [mixin/]: Processing prepare() for PlatformAgent[MixinPlatformAgentDefault:SecureJarResource(org.jgrapht.core)]
[24Apr2025 23:53:59.895] [main/DEBUG] [mixin/]: Adding mixin platform agents for container SecureJarResource(MixinExtras)
[24Apr2025 23:53:59.895] [main/DEBUG] [mixin/]: Instancing new MixinPlatformAgentMinecraftForge for SecureJarResource(MixinExtras)
[24Apr2025 23:53:59.895] [main/DEBUG] [mixin/]: MixinPlatformAgentMinecraftForge rejected container SecureJarResource(MixinExtras)
[24Apr2025 23:53:59.895] [main/DEBUG] [mixin/]: Instancing new MixinPlatformAgentDefault for SecureJarResource(MixinExtras)
[24Apr2025 23:53:59.895] [main/DEBUG] [mixin/]: MixinPlatformAgentDefault accepted container SecureJarResource(MixinExtras)
[24Apr2025 23:53:59.895] [main/DEBUG] [mixin/]: Processing prepare() for PlatformAgent[MixinPlatformAgentDefault:SecureJarResource(MixinExtras)]
[24Apr2025 23:53:59.895] [main/DEBUG] [mixin/]: inject() running with 56 agents
[24Apr2025 23:53:59.895] [main/DEBUG] [mixin/]: Processing inject() for PlatformAgent[MixinPlatformAgentDefault:ModLauncher Root Container(ModLauncher:4f56a0a2)]
[24Apr2025 23:53:59.895] [main/DEBUG] [mixin/]: Processing inject() for PlatformAgent[MixinPlatformAgentDefault:SecureJarResource(totw_modded)]
[24Apr2025 23:53:59.895] [main/DEBUG] [mixin/]: Processing inject() for PlatformAgent[MixinPlatformAgentDefault:SecureJarResource(kuma_api)]
[24Apr2025 23:53:59.895] [main/DEBUG] [mixin/]: Processing inject() for PlatformAgent[MixinPlatformAgentDefault:SecureJarResource(exlinecopperequipment)]
[24Apr2025 23:53:59.895] [main/DEBUG] [mixin/]: Processing inject() for PlatformAgent[MixinPlatformAgentDefault:SecureJarResource(stalwart_dungeons)]
[24Apr2025 23:53:59.895] [main/DEBUG] [mixin/]: Processing inject() for PlatformAgent[MixinPlatformAgentDefault:SecureJarResource(incendium)]
[24Apr2025 23:53:59.895] [main/DEBUG] [mixin/]: Processing inject() for PlatformAgent[MixinPlatformAgentDefault:SecureJarResource(structory)]
[24Apr2025 23:53:59.895] [main/DEBUG] [mixin/]: Processing inject() for PlatformAgent[MixinPlatformAgentDefault:SecureJarResource(xaeroworldmap)]
[24Apr2025 23:53:59.895] [main/DEBUG] [mixin/]: Processing inject() for PlatformAgent[MixinPlatformAgentDefault:SecureJarResource(dungeonnowloading)]
[24Apr2025 23:53:59.895] [main/DEBUG] [mixin/]: Processing inject() for PlatformAgent[MixinPlatformAgentDefault:SecureJarResource(crackerslib)]
[24Apr2025 23:53:59.895] [main/DEBUG] [mixin/]: Processing inject() for PlatformAgent[MixinPlatformAgentDefault:SecureJarResource(mixinextras)]
[24Apr2025 23:53:59.895] [main/DEBUG] [mixin/]: Processing inject() for PlatformAgent[MixinPlatformAgentDefault:SecureJarResource(dungeoncrawl)]
[24Apr2025 23:53:59.895] [main/DEBUG] [mixin/]: Processing inject() for PlatformAgent[MixinPlatformAgentDefault:SecureJarResource(glitchcore)]
[24Apr2025 23:53:59.895] [main/DEBUG] [mixin/]: Processing inject() for PlatformAgent[MixinPlatformAgentDefault:SecureJarResource(balm)]
[24Apr2025 23:53:59.895] [main/DEBUG] [mixin/]: Processing inject() for PlatformAgent[MixinPlatformAgentDefault:SecureJarResource(terralith)]
[24Apr2025 23:53:59.896] [main/DEBUG] [mixin/]: Processing inject() for PlatformAgent[MixinPlatformAgentDefault:SecureJarResource(carryon)]
[24Apr2025 23:53:59.896] [main/DEBUG] [mixin/]: Processing inject() for PlatformAgent[MixinPlatformAgentDefault:SecureJarResource(dungeons_arise_seven_seas)]
[24Apr2025 23:53:59.896] [main/DEBUG] [mixin/]: Processing inject() for PlatformAgent[MixinPlatformAgentDefault:SecureJarResource(forge)]
[24Apr2025 23:53:59.896] [main/DEBUG] [mixin/]: Processing inject() for PlatformAgent[MixinPlatformAgentDefault:SecureJarResource(twilightforest)]
[24Apr2025 23:53:59.896] [main/DEBUG] [mixin/]: Processing inject() for PlatformAgent[MixinPlatformAgentDefault:SecureJarResource(supplementaries)]
[24Apr2025 23:53:59.896] [main/DEBUG] [mixin/]: Processing inject() for PlatformAgent[MixinPlatformAgentDefault:SecureJarResource(prettypipes)]
[24Apr2025 23:53:59.896] [main/DEBUG] [mixin/]: Processing inject() for PlatformAgent[MixinPlatformAgentDefault:SecureJarResource(structure_gel)]
[24Apr2025 23:53:59.896] [main/DEBUG] [mixin/]: Processing inject() for PlatformAgent[MixinPlatformAgentDefault:SecureJarResource(corpse)]
[24Apr2025 23:53:59.896] [main/DEBUG] [mixin/]: Processing inject() for PlatformAgent[MixinPlatformAgentDefault:SecureJarResource(dungeons_arise)]
[24Apr2025 23:53:59.896] [main/DEBUG] [mixin/]: Processing inject() for PlatformAgent[MixinPlatformAgentDefault:SecureJarResource(minecraft)]
[24Apr2025 23:53:59.896] [main/DEBUG] [mixin/]: Processing inject() for PlatformAgent[MixinPlatformAgentDefault:SecureJarResource(ati_structuresv)]
[24Apr2025 23:53:59.896] [main/DEBUG] [mixin/]: Processing inject() for PlatformAgent[MixinPlatformAgentDefault:SecureJarResource(terrablender)]
[24Apr2025 23:53:59.896] [main/DEBUG] [mixin/]: Processing inject() for PlatformAgent[MixinPlatformAgentDefault:SecureJarResource(moonlight)]
[24Apr2025 23:53:59.896] [main/DEBUG] [mixin/]: Processing inject() for PlatformAgent[MixinPlatformAgentDefault:SecureJarResource(biomesoplenty)]
[24Apr2025 23:53:59.896] [main/DEBUG] [mixin/]: Processing inject() for PlatformAgent[MixinPlatformAgentDefault:SecureJarResource(mixinsquared)]
[24Apr2025 23:53:59.896] [main/DEBUG] [mixin/]: Processing inject() for PlatformAgent[MixinPlatformAgentDefault:SecureJarResource(jade)]
[24Apr2025 23:53:59.896] [main/DEBUG] [mixin/]: Processing inject() for PlatformAgent[MixinPlatformAgentDefault:SecureJarResource(obscure_tooltips)]
[24Apr2025 23:53:59.896] [main/DEBUG] [mixin/]: Processing inject() for PlatformAgent[MixinPlatformAgentDefault:SecureJarResource(mr_dungeons_andtavernsstrongholdrework)]
[24Apr2025 23:53:59.896] [main/DEBUG] [mixin/]: Processing inject() for PlatformAgent[MixinPlatformAgentDefault:SecureJarResource(hoporp)]
[24Apr2025 23:53:59.896] [main/DEBUG] [mixin/]: Processing inject() for PlatformAgent[MixinPlatformAgentDefault:SecureJarResource(cleanswing)]
[24Apr2025 23:53:59.896] [main/DEBUG] [mixin/]: Processing inject() for PlatformAgent[MixinPlatformAgentDefault:SecureJarResource(noanimaltemptdelay)]
[24Apr2025 23:53:59.896] [main/DEBUG] [mixin/]: Processing inject() for PlatformAgent[MixinPlatformAgentDefault:SecureJarResource(dungeons_enhanced)]
[24Apr2025 23:53:59.896] [main/DEBUG] [mixin/]: Processing inject() for PlatformAgent[MixinPlatformAgentDefault:SecureJarResource(fromanotherworld)]
[24Apr2025 23:53:59.896] [main/DEBUG] [mixin/]: Processing inject() for PlatformAgent[MixinPlatformAgentDefault:SecureJarResource(azurelib)]
[24Apr2025 23:53:59.896] [main/DEBUG] [mixin/]: Processing inject() for PlatformAgent[MixinPlatformAgentDefault:SecureJarResource(xaerominimap)]
[24Apr2025 23:53:59.896] [main/DEBUG] [mixin/]: Processing inject() for PlatformAgent[MixinPlatformAgentDefault:SecureJarResource(collective)]
[24Apr2025 23:53:59.896] [main/DEBUG] [mixin/]: Processing inject() for PlatformAgent[MixinPlatformAgentDefault:SecureJarResource(camera)]
[24Apr2025 23:53:59.896] [main/DEBUG] [mixin/]: Processing inject() for PlatformAgent[MixinPlatformAgentDefault:SecureJarResource(advancednetherite)]
[24Apr2025 23:53:59.896] [main/DEBUG] [mixin/]: Processing inject() for PlatformAgent[MixinPlatformAgentDefault:SecureJarResource(storagedrawers)]
[24Apr2025 23:53:59.896] [main/DEBUG] [mixin/]: Processing inject() for PlatformAgent[MixinPlatformAgentDefault:SecureJarResource(measurements)]
[24Apr2025 23:53:59.896] [main/DEBUG] [mixin/]: Processing inject() for PlatformAgent[MixinPlatformAgentDefault:SecureJarResource(mr_dungeons_andtaverns)]
[24Apr2025 23:53:59.896] [main/DEBUG] [mixin/]: Processing inject() for PlatformAgent[MixinPlatformAgentDefault:SecureJarResource(witherstormmod)]
[24Apr2025 23:53:59.896] [main/DEBUG] [mixin/]: Processing inject() for PlatformAgent[MixinPlatformAgentDefault:SecureJarResource(spore)]
[24Apr2025 23:53:59.896] [main/DEBUG] [mixin/]: Processing inject() for PlatformAgent[MixinPlatformAgentDefault:SecureJarResource(fromanotherlibrary)]
[24Apr2025 23:53:59.896] [main/DEBUG] [mixin/]: Processing inject() for PlatformAgent[MixinPlatformAgentDefault:SecureJarResource(extra_dungeons)]
[24Apr2025 23:53:59.896] [main/DEBUG] [mixin/]: Processing inject() for PlatformAgent[MixinPlatformAgentDefault:SecureJarResource(fallingtree)]
[24Apr2025 23:53:59.896] [main/DEBUG] [mixin/]: Processing inject() for PlatformAgent[MixinPlatformAgentDefault:SecureJarResource(org.apfloat)]
[24Apr2025 23:53:59.896] [main/DEBUG] [mixin/]: Processing inject() for PlatformAgent[MixinPlatformAgentDefault:SecureJarResource(org.jheaps)]
[24Apr2025 23:53:59.896] [main/DEBUG] [mixin/]: Processing inject() for PlatformAgent[MixinPlatformAgentDefault:SecureJarResource(MixinSquared)]
[24Apr2025 23:53:59.896] [main/DEBUG] [mixin/]: Processing inject() for PlatformAgent[MixinPlatformAgentDefault:SecureJarResource(org.jgrapht.core)]
[24Apr2025 23:53:59.896] [main/DEBUG] [mixin/]: Processing inject() for PlatformAgent[MixinPlatformAgentDefault:SecureJarResource(MixinExtras)]
[24Apr2025 23:53:59.924] [main/DEBUG] [mixin/]: Error cleaning class output directory: .mixin.out
[24Apr2025 23:53:59.925] [main/DEBUG] [mixin/]: Preparing mixins for MixinEnvironment[PREINIT]
[24Apr2025 23:53:59.932] [main/INFO] [mixin/]: Successfully loaded Mixin Connector [de.maxhenkel.camera.MixinConnector]
[24Apr2025 23:53:59.934] [main/INFO] [cpw.mods.modlauncher.LaunchServiceHandler/MODLAUNCHER]: Launching target 'forgeserver' with arguments [nogui]
[24Apr2025 23:53:59.936] [main/DEBUG] [mixin/]: Preparing mixins for MixinEnvironment[DEFAULT]
[24Apr2025 23:53:59.936] [main/DEBUG] [mixin/]: Selecting config kuma_api.mixins.json
[24Apr2025 23:53:59.940] [main/DEBUG] [mixin/]: Selecting config kuma_api.forge.mixins.json
[24Apr2025 23:53:59.942] [main/DEBUG] [mixin/]: Selecting config dungeonnowloading.mixins.json
[24Apr2025 23:53:59.944] [main/DEBUG] [mixin/]: Selecting config dungeonnowloading.forge.mixins.json
[24Apr2025 23:53:59.945] [main/DEBUG] [mixin/]: Selecting config crackerslib.mixins.json
[24Apr2025 23:53:59.946] [main/DEBUG] [mixin/]: Selecting config mixinextras.init.mixins.json
[24Apr2025 23:53:59.977] [main/DEBUG] [MixinExtras|Service/]: com.llamalad7.mixinextras.service.MixinExtrasServiceImpl(version=0.3.6) is taking over from null
[24Apr2025 23:54:00.008] [main/DEBUG] [mixin/]: Registering new injector for @Inject with org.spongepowered.asm.mixin.injection.struct.CallbackInjectionInfo
[24Apr2025 23:54:00.009] [main/DEBUG] [mixin/]: Registering new injector for @ModifyArg with org.spongepowered.asm.mixin.injection.struct.ModifyArgInjectionInfo
[24Apr2025 23:54:00.010] [main/DEBUG] [mixin/]: Registering new injector for @ModifyArgs with org.spongepowered.asm.mixin.injection.struct.ModifyArgsInjectionInfo
[24Apr2025 23:54:00.012] [main/DEBUG] [mixin/]: Registering new injector for @Redirect with org.spongepowered.asm.mixin.injection.struct.RedirectInjectionInfo
[24Apr2025 23:54:00.013] [main/DEBUG] [mixin/]: Registering new injector for @ModifyVariable with org.spongepowered.asm.mixin.injection.struct.ModifyVariableInjectionInfo
[24Apr2025 23:54:00.014] [main/DEBUG] [mixin/]: Registering new injector for @ModifyConstant with org.spongepowered.asm.mixin.injection.struct.ModifyConstantInjectionInfo
[24Apr2025 23:54:00.026] [main/DEBUG] [mixin/]: Selecting config glitchcore.mixins.json
[24Apr2025 23:54:00.027] [main/DEBUG] [mixin/]: Selecting config glitchcore.forge.mixins.json
[24Apr2025 23:54:00.028] [main/DEBUG] [mixin/]: Selecting config balm.mixins.json
[24Apr2025 23:54:00.030] [main/DEBUG] [mixin/]: Selecting config carryon.mixins.json
[24Apr2025 23:54:00.032] [main/DEBUG] [mixin/]: Selecting config carryon.forge.mixins.json
[24Apr2025 23:54:00.034] [main/DEBUG] [mixin/]: Selecting config supplementaries-common.mixins.json
[24Apr2025 23:54:00.040] [main/DEBUG] [mixin/]: Selecting config supplementaries.mixins.json
[24Apr2025 23:54:00.042] [main/DEBUG] [mixin/]: Selecting config structure_gel.mixins.json
[24Apr2025 23:54:00.045] [main/DEBUG] [mixin/]: Selecting config terrablender.mixins.json
[24Apr2025 23:54:00.047] [main/DEBUG] [mixin/]: Selecting config terrablender_forge.mixins.json
[24Apr2025 23:54:00.048] [main/DEBUG] [mixin/]: Selecting config moonlight-common.mixins.json
[24Apr2025 23:54:00.053] [main/DEBUG] [mixin/]: Selecting config moonlight.mixins.json
[24Apr2025 23:54:00.055] [main/DEBUG] [mixin/]: Selecting config biomesoplenty.mixins.json
[24Apr2025 23:54:00.056] [main/DEBUG] [mixin/]: Selecting config biomesoplenty.forge.mixins.json
[24Apr2025 23:54:00.057] [main/DEBUG] [mixin/]: Selecting config mixinsquared.init.mixins.json
[24Apr2025 23:54:00.068] [main/DEBUG] [mixin/]: Registering new target selector for @mixinsquared:handler with com.bawnorton.mixinsquared.selector.DynamicSelectorHandler
[24Apr2025 23:54:00.078] [main/DEBUG] [mixin/]: Selecting config jade.mixins.json
[24Apr2025 23:54:00.080] [main/DEBUG] [mixin/]: Selecting config obscure_tooltips.mixins.json
[24Apr2025 23:54:00.081] [main/DEBUG] [mixin/]: Selecting config noanimaltemptdelay_forge.mixins.json
[24Apr2025 23:54:00.083] [main/DEBUG] [mixin/]: Selecting config fromanotherworld-common.mixins.json
[24Apr2025 23:54:00.085] [main/DEBUG] [mixin/]: Selecting config azurelib.mixins.json
[24Apr2025 23:54:00.088] [main/DEBUG] [mixin/]: Selecting config azurelib.forge.mixins.json
[24Apr2025 23:54:00.089] [main/DEBUG] [mixin/]: Selecting config collective_forge.mixins.json
[24Apr2025 23:54:00.091] [main/DEBUG] [mixin/]: Selecting config witherstormmod.mixins.json
[24Apr2025 23:54:00.094] [main/DEBUG] [mixin/]: Selecting config fromanotherlibrary.mixins.json
[24Apr2025 23:54:00.095] [main/DEBUG] [mixin/]: Selecting config fromanotherlibrary.forge.mixins.json
[24Apr2025 23:54:00.097] [main/DEBUG] [mixin/]: Selecting config assets/camera/camera.mixins.json
[24Apr2025 23:54:00.098] [main/DEBUG] [mixin/]: Preparing kuma_api.mixins.json (1)
[24Apr2025 23:54:00.099] [main/DEBUG] [mixin/]: Preparing kuma_api.forge.mixins.json (0)
[24Apr2025 23:54:00.099] [main/DEBUG] [mixin/]: Preparing dungeonnowloading.mixins.json (1)
[24Apr2025 23:54:00.099] [main/DEBUG] [mixin/]: Preparing dungeonnowloading.forge.mixins.json (6)
[24Apr2025 23:54:00.136] [main/DEBUG] [net.minecraftforge.coremod.transformer.CoreModBaseTransformer/COREMOD]: Transforming net/minecraft/world/level/levelgen/structure/templatesystem/StructureTemplate
[24Apr2025 23:54:00.417] [main/DEBUG] [mixin/]: Preparing crackerslib.mixins.json (2)
[24Apr2025 23:54:00.424] [main/DEBUG] [mixin/]: Preparing mixinextras.init.mixins.json (0)
[24Apr2025 23:54:00.424] [main/DEBUG] [mixin/]: Preparing glitchcore.mixins.json (4)
[24Apr2025 23:54:00.432] [main/DEBUG] [net.minecraftforge.coremod.transformer.CoreModBaseTransformer/COREMOD]: Transforming net/minecraft/world/item/ItemStack
[24Apr2025 23:54:00.472] [main/DEBUG] [net.minecraftforge.coremod.transformer.CoreModBaseTransformer/COREMOD]: Transforming net/minecraft/server/level/ServerLevel
[24Apr2025 23:54:00.532] [main/DEBUG] [net.minecraftforge.coremod.transformer.CoreModBaseTransformer/COREMOD]: Transforming m_46758_ with desc (Lnet/minecraft/core/BlockPos;)Z
[24Apr2025 23:54:00.590] [main/DEBUG] [mixin/]: Preparing glitchcore.forge.mixins.json (7)
[24Apr2025 23:54:00.599] [main/DEBUG] [net.minecraftforge.coremod.transformer.CoreModBaseTransformer/COREMOD]: Transforming net/minecraft/server/level/ServerPlayer
[24Apr2025 23:54:00.604] [main/DEBUG] [net.minecraftforge.coremod.transformer.CoreModBaseTransformer/COREMOD]: Transforming net/minecraft/server/level/ServerPlayer
[24Apr2025 23:54:00.644] [main/DEBUG] [net.minecraftforge.coremod.transformer.CoreModBaseTransformer/COREMOD]: Transforming m_36170_ with desc (Lnet/minecraft/world/entity/player/PlayerModelPart;)Z
[24Apr2025 23:54:00.646] [main/DEBUG] [net.minecraftforge.coremod.transformer.CoreModBaseTransformer/COREMOD]: Transforming m_36170_ with desc (Lnet/minecraft/world/entity/player/PlayerModelPart;)Z
[24Apr2025 23:54:00.700] [main/DEBUG] [mixin/]: Preparing balm.mixins.json (16)
[24Apr2025 23:54:00.717] [main/DEBUG] [net.minecraftforge.coremod.transformer.CoreModBaseTransformer/COREMOD]: Transforming net/minecraft/server/MinecraftServer
[24Apr2025 23:54:00.722] [main/DEBUG] [net.minecraftforge.coremod.transformer.CoreModBaseTransformer/COREMOD]: Transforming net/minecraft/server/MinecraftServer
[24Apr2025 23:54:00.777] [main/DEBUG] [net.minecraftforge.coremod.transformer.CoreModBaseTransformer/COREMOD]: Transforming m_11229_ with desc (Lnet/minecraft/server/level/ServerPlayer;Lnet/minecraft/server/level/ServerLevel;)V
[24Apr2025 23:54:00.784] [main/DEBUG] [net.minecraftforge.coremod.transformer.CoreModBaseTransformer/COREMOD]: Transforming m_11229_ with desc (Lnet/minecraft/server/level/ServerPlayer;Lnet/minecraft/server/level/ServerLevel;)V
[24Apr2025 23:54:00.798] [main/DEBUG] [mixin/]: Preparing carryon.mixins.json (5)
[24Apr2025 23:54:00.812] [main/DEBUG] [net.minecraftforge.coremod.transformer.CoreModBaseTransformer/COREMOD]: Transforming m_36170_ with desc (Lnet/minecraft/world/entity/player/PlayerModelPart;)Z
[24Apr2025 23:54:00.813] [main/DEBUG] [net.minecraftforge.coremod.transformer.CoreModBaseTransformer/COREMOD]: Transforming m_36170_ with desc (Lnet/minecraft/world/entity/player/PlayerModelPart;)Z
[24Apr2025 23:54:00.824] [main/DEBUG] [mixin/]: Preparing carryon.forge.mixins.json (0)
[24Apr2025 23:54:00.824] [main/DEBUG] [mixin/]: Preparing supplementaries-common.mixins.json (78)
[24Apr2025 23:54:00.980] [main/DEBUG] [net.minecraftforge.coremod.transformer.CoreModBaseTransformer/COREMOD]: Transforming m_7373_ with desc (Lnet/minecraft/world/item/ItemStack;Lnet/minecraft/world/level/Level;Ljava/util/List;Lnet/minecraft/world/item/TooltipFlag;)V
[24Apr2025 23:54:01.034] [main/DEBUG] [mixin/]: Preparing supplementaries.mixins.json (28)
[24Apr2025 23:54:01.058] [main/WARN] [mixin/]: Error loading class: vectorwing/farmersdelight/common/block/TomatoVineBlock (java.lang.ClassNotFoundException: vectorwing.farmersdelight.common.block.TomatoVineBlock)
[24Apr2025 23:54:01.059] [main/DEBUG] [mixin/]: Skipping virtual target vectorwing.farmersdelight.common.block.TomatoVineBlock for supplementaries.mixins.json:CompatFarmersDelightTomatoMixin
[24Apr2025 23:54:01.077] [main/DEBUG] [mixin/]: @Mixin target net/minecraft/world/entity/npc/VillagerTrades$TreasureMapForEmeralds is public in supplementaries.mixins.json:TreasureMapForEmeraldsMixin and should be specified in value
[24Apr2025 23:54:01.103] [main/DEBUG] [mixin/]: Preparing structure_gel.mixins.json (0)
[24Apr2025 23:54:01.103] [main/DEBUG] [mixin/]: Preparing terrablender.mixins.json (7)
[24Apr2025 23:54:01.123] [main/DEBUG] [mixin/]: Preparing terrablender_forge.mixins.json (0)
[24Apr2025 23:54:01.123] [main/DEBUG] [mixin/]: Preparing moonlight-common.mixins.json (35)
[24Apr2025 23:54:01.173] [main/DEBUG] [net.minecraftforge.coremod.transformer.CoreModBaseTransformer/COREMOD]: Transforming m_41435_ with desc (Lnet/minecraft/world/level/Level;Lnet/minecraft/world/entity/player/Player;Lnet/minecraft/world/level/ClipContext$Fluid;)Lnet/minecraft/world/phys/BlockHitResult;
[24Apr2025 23:54:01.184] [main/DEBUG] [net.minecraftforge.coremod.transformer.CoreModBaseTransformer/COREMOD]: Transforming net/minecraft/world/level/chunk/LevelChunk
[24Apr2025 23:54:01.188] [main/DEBUG] [net.minecraftforge.coremod.transformer.CoreModBaseTransformer/COREMOD]: Transforming net/minecraft/world/level/chunk/LevelChunk
[24Apr2025 23:54:01.216] [main/DEBUG] [net.minecraftforge.coremod.transformer.CoreModBaseTransformer/COREMOD]: Transforming net/minecraft/world/entity/npc/Villager
[24Apr2025 23:54:01.382] [main/DEBUG] [mixin/]: Preparing moonlight.mixins.json (11)
[24Apr2025 23:54:01.391] [main/DEBUG] [mixin/]: Preparing biomesoplenty.mixins.json (0)
[24Apr2025 23:54:01.391] [main/DEBUG] [mixin/]: Preparing biomesoplenty.forge.mixins.json (2)
[24Apr2025 23:54:01.396] [main/DEBUG] [mixin/]: Preparing mixinsquared.init.mixins.json (0)
[24Apr2025 23:54:01.396] [main/DEBUG] [mixin/]: Preparing jade.mixins.json (2)
[24Apr2025 23:54:01.396] [main/DEBUG] [mixin/]: Preparing obscure_tooltips.mixins.json (1)
[24Apr2025 23:54:01.396] [main/DEBUG] [mixin/]: Preparing noanimaltemptdelay_forge.mixins.json (1)
[24Apr2025 23:54:01.399] [main/DEBUG] [mixin/]: Preparing fromanotherworld-common.mixins.json (9)
[24Apr2025 23:54:01.412] [main/DEBUG] [mixin/]: Preparing azurelib.mixins.json (0)
[24Apr2025 23:54:01.412] [main/DEBUG] [mixin/]: Preparing azurelib.forge.mixins.json (8)
[24Apr2025 23:54:01.412] [main/DEBUG] [mixin/]: Preparing collective_forge.mixins.json (5)
[24Apr2025 23:54:01.417] [main/DEBUG] [mixin/]: Preparing witherstormmod.mixins.json (61)
[24Apr2025 23:54:01.441] [main/DEBUG] [net.minecraftforge.coremod.transformer.CoreModBaseTransformer/COREMOD]: Transforming net/minecraft/world/entity/monster/ZombieVillager
[24Apr2025 23:54:01.500] [main/DEBUG] [net.minecraftforge.coremod.transformer.CoreModBaseTransformer/COREMOD]: Transforming net/minecraft/world/entity/monster/Zombie
[24Apr2025 23:54:01.632] [main/DEBUG] [mixin/]: Preparing fromanotherlibrary.mixins.json (2)
[24Apr2025 23:54:01.633] [main/DEBUG] [mixin/]: Preparing fromanotherlibrary.forge.mixins.json (0)
[24Apr2025 23:54:01.633] [main/DEBUG] [mixin/]: Preparing assets/camera/camera.mixins.json (1)
[24Apr2025 23:54:01.662] [main/DEBUG] [mixin/]: Inner class glitchcore/forge/mixin/impl/MixinPacketHandler$1 in glitchcore/forge/mixin/impl/MixinPacketHandler on glitchcore/network/PacketHandler gets unique name glitchcore/network/PacketHandler$Anonymous$99ef7be747734d15b535fba97630dc0f
[24Apr2025 23:54:01.756] [main/DEBUG] [mixin/]: Inner class net/mehvahdjukaar/supplementaries/mixins/forge/self/SelfFlammableFluidBlockMixin$1 in net/mehvahdjukaar/supplementaries/mixins/forge/self/SelfFlammableFluidBlockMixin on net/mehvahdjukaar/supplementaries/common/fluids/FlammableLiquidBlock gets unique name net/mehvahdjukaar/supplementaries/common/fluids/FlammableLiquidBlock$Anonymous$67496d8c423249a6ae0ec1a0baf3812c
[24Apr2025 23:54:01.783] [main/DEBUG] [net.minecraftforge.coremod.transformer.CoreModBaseTransformer/COREMOD]: Transforming net/minecraft/world/level/levelgen/structure/Structure
[24Apr2025 23:54:01.853] [main/DEBUG] [net.minecraftforge.coremod.transformer.CoreModBaseTransformer/COREMOD]: Transforming m_78311_ with desc ()V
[24Apr2025 23:54:01.861] [main/DEBUG] [net.minecraftforge.coremod.transformer.CoreModBaseTransformer/COREMOD]: Transforming m_78311_ with desc ()V
[24Apr2025 23:54:01.893] [main/DEBUG] [mixin/]: Prepared 175 mixins in 1.956 sec (11.2ms avg) (0ms load, 0ms transform, 0ms plugin)
[24Apr2025 23:54:01.906] [main/DEBUG] [net.minecraftforge.coremod.transformer.CoreModBaseTransformer/COREMOD]: Transforming net/minecraft/server/MinecraftServer
[24Apr2025 23:54:01.907] [main/DEBUG] [net.minecraftforge.coremod.transformer.CoreModBaseTransformer/COREMOD]: Transforming net/minecraft/server/MinecraftServer
[24Apr2025 23:54:01.913] [main/INFO] [MixinExtras|Service/]: Initializing MixinExtras via com.llamalad7.mixinextras.service.MixinExtrasServiceImpl(version=0.3.6).
[24Apr2025 23:54:01.915] [main/DEBUG] [mixin/]: Registering new injector for @SugarWrapper with com.llamalad7.mixinextras.sugar.impl.SugarWrapperInjectionInfo
[24Apr2025 23:54:01.915] [main/DEBUG] [mixin/]: Registering new injector for @FactoryRedirectWrapper with com.llamalad7.mixinextras.wrapper.factory.FactoryRedirectWrapperInjectionInfo
[24Apr2025 23:54:01.921] [main/DEBUG] [mixin/]: Mixing MinecraftServerMixin from balm.mixins.json into net.minecraft.server.MinecraftServer
[24Apr2025 23:54:01.930] [main/DEBUG] [mixin/]: Renaming synthetic method lambda$reloadResources$0(Ljava/lang/Void;)V to mdbf7c5d$lambda$reloadResources$0$0 in balm.mixins.json:MinecraftServerMixin
[24Apr2025 23:54:02.030] [main/DEBUG] [io.netty.util.internal.logging.InternalLoggerFactory/]: Using SLF4J as the default logging framework
[24Apr2025 23:54:02.032] [main/DEBUG] [io.netty.util.ResourceLeakDetector/]: -Dio.netty.leakDetection.level: simple
[24Apr2025 23:54:02.032] [main/DEBUG] [io.netty.util.ResourceLeakDetector/]: -Dio.netty.leakDetection.targetRecords: 4
[24Apr2025 23:54:02.248] [main/DEBUG] [oshi.util.FileUtil/]: No oshi.properties file found from ClassLoader cpw.mods.modlauncher.TransformingClassLoader@615439f7
[24Apr2025 23:54:02.248] [main/DEBUG] [oshi.util.FileUtil/]: No oshi.properties file found from ClassLoader jdk.internal.loader.ClassLoaders$AppClassLoader@76ed5528
[24Apr2025 23:54:02.332] [main/DEBUG] [oshi.util.FileUtil/]: Reading file /proc/self/auxv
[24Apr2025 23:54:02.333] [main/DEBUG] [oshi.util.FileUtil/]: Reading file /proc/self/auxv
[24Apr2025 23:54:02.337] [main/DEBUG] [oshi.util.FileUtil/]: Reading file /proc/stat
[24Apr2025 23:54:02.345] [main/DEBUG] [oshi.util.FileUtil/]: Reading file /sys/devices/system/cpu/cpu0/topology/core_id
[24Apr2025 23:54:02.345] [main/DEBUG] [oshi.util.FileUtil/]: Reading file /sys/devices/system/cpu/cpu0/topology/core_id
[24Apr2025 23:54:02.345] [main/DEBUG] [oshi.util.FileUtil/]: Reading file /sys/devices/system/cpu/cpu0/topology/physical_package_id
[24Apr2025 23:54:02.345] [main/DEBUG] [oshi.util.FileUtil/]: Reading file /sys/devices/system/cpu/cpu0/topology/physical_package_id
[24Apr2025 23:54:02.345] [main/DEBUG] [oshi.util.FileUtil/]: Reading file /sys/devices/system/cpu/cpu0/cpu_capacity
[24Apr2025 23:54:02.347] [main/DEBUG] [oshi.util.FileUtil/]: Reading file /sys/devices/system/cpu/cpu1/topology/core_id
[24Apr2025 23:54:02.347] [main/DEBUG] [oshi.util.FileUtil/]: Reading file /sys/devices/system/cpu/cpu1/topology/core_id
[24Apr2025 23:54:02.347] [main/DEBUG] [oshi.util.FileUtil/]: Reading file /sys/devices/system/cpu/cpu1/topology/physical_package_id
[24Apr2025 23:54:02.347] [main/DEBUG] [oshi.util.FileUtil/]: Reading file /sys/devices/system/cpu/cpu1/topology/physical_package_id
[24Apr2025 23:54:02.348] [main/DEBUG] [oshi.util.FileUtil/]: Reading file /sys/devices/system/cpu/cpu1/cpu_capacity
[24Apr2025 23:54:02.348] [main/DEBUG] [oshi.util.FileUtil/]: Reading file /sys/devices/system/cpu/cpu2/topology/core_id
[24Apr2025 23:54:02.348] [main/DEBUG] [oshi.util.FileUtil/]: Reading file /sys/devices/system/cpu/cpu2/topology/core_id
[24Apr2025 23:54:02.348] [main/DEBUG] [oshi.util.FileUtil/]: Reading file /sys/devices/system/cpu/cpu2/topology/physical_package_id
[24Apr2025 23:54:02.348] [main/DEBUG] [oshi.util.FileUtil/]: Reading file /sys/devices/system/cpu/cpu2/topology/physical_package_id
[24Apr2025 23:54:02.348] [main/DEBUG] [oshi.util.FileUtil/]: Reading file /sys/devices/system/cpu/cpu2/cpu_capacity
[24Apr2025 23:54:02.349] [main/DEBUG] [oshi.util.FileUtil/]: Reading file /sys/devices/system/cpu/cpu3/topology/core_id
[24Apr2025 23:54:02.349] [main/DEBUG] [oshi.util.FileUtil/]: Reading file /sys/devices/system/cpu/cpu3/topology/core_id
[24Apr2025 23:54:02.349] [main/DEBUG] [oshi.util.FileUtil/]: Reading file /sys/devices/system/cpu/cpu3/topology/physical_package_id
[24Apr2025 23:54:02.349] [main/DEBUG] [oshi.util.FileUtil/]: Reading file /sys/devices/system/cpu/cpu3/topology/physical_package_id
[24Apr2025 23:54:02.349] [main/DEBUG] [oshi.util.FileUtil/]: Reading file /sys/devices/system/cpu/cpu3/cpu_capacity
[24Apr2025 23:54:02.351] [main/DEBUG] [oshi.util.FileUtil/]: Reading file /proc/cpuinfo
[24Apr2025 23:54:02.361] [main/DEBUG] [oshi.util.FileUtil/]: Reading file /proc/self/auxv
[24Apr2025 23:54:02.364] [main/DEBUG] [oshi.util.FileUtil/]: No oshi.architecture.properties file found from ClassLoader cpw.mods.modlauncher.TransformingClassLoader@615439f7
[24Apr2025 23:54:02.364] [main/DEBUG] [oshi.util.FileUtil/]: No oshi.architecture.properties file found from ClassLoader jdk.internal.loader.ClassLoaders$AppClassLoader@76ed5528
[24Apr2025 23:54:02.382] [main/DEBUG] [oshi.util.FileUtil/]: Reading file /proc/meminfo
[24Apr2025 23:54:02.383] [main/DEBUG] [oshi.util.FileUtil/]: Reading file /proc/meminfo
[24Apr2025 23:54:02.430] [main/DEBUG] [mixin/]: Mixing MixinBuiltInRegistries from terrablender.mixins.json into net.minecraft.core.registries.BuiltInRegistries
[24Apr2025 23:54:02.430] [main/DEBUG] [mixin/]: Renaming synthetic method lambda$registerSimple$0(Lnet/minecraft/core/registries/BuiltInRegistries$RegistryBootstrap;Lnet/minecraft/core/Registry;)Ljava/lang/Object; to mdbf7c5d$lambda$registerSimple$0$0 in terrablender.mixins.json:MixinBuiltInRegistries
[24Apr2025 23:54:02.534] [main/DEBUG] [mixin/]: Mixing BlockMixin from structure_gel.mixins.json into net.minecraft.world.level.block.Block
[24Apr2025 23:54:02.580] [main/DEBUG] [mixin/]: Mixing EntityMixin from balm.mixins.json into net.minecraft.world.entity.Entity
[24Apr2025 23:54:02.587] [main/DEBUG] [mixin/]: Mixing EntityMixin from carryon.mixins.json into net.minecraft.world.entity.Entity
[24Apr2025 23:54:02.611] [main/DEBUG] [mixin/]: Mixing EntityMixin from supplementaries-common.mixins.json into net.minecraft.world.entity.Entity
[24Apr2025 23:54:02.614] [main/DEBUG] [mixin/]: Mixing EntityMixin from structure_gel.mixins.json into net.minecraft.world.entity.Entity
[24Apr2025 23:54:02.697] [main/DEBUG] [mixin/]: Mixing LivingEntityAccessor from supplementaries-common.mixins.json into net.minecraft.world.entity.LivingEntity
[24Apr2025 23:54:02.702] [main/DEBUG] [mixin/]: Mixing LivingEntityMixin from supplementaries-common.mixins.json into net.minecraft.world.entity.LivingEntity
[24Apr2025 23:54:02.709] [main/DEBUG] [net.minecraftforge.coremod.transformer.CoreModBaseTransformer/COREMOD]: Transforming m_46758_ with desc (Lnet/minecraft/core/BlockPos;)Z
[24Apr2025 23:54:02.733] [main/DEBUG] [net.minecraftforge.coremod.transformer.CoreModBaseTransformer/COREMOD]: Transforming net/minecraft/world/effect/MobEffectInstance
[24Apr2025 23:54:02.748] [main/DEBUG] [mixin/]: Mixing LivingEntityMixin from supplementaries.mixins.json into net.minecraft.world.entity.LivingEntity
[24Apr2025 23:54:02.752] [main/DEBUG] [mixin/]: Mixing LivingEntityMixin from fromanotherworld-common.mixins.json into net.minecraft.world.entity.LivingEntity
[24Apr2025 23:54:02.781] [main/DEBUG] [mixin/]: Mixing MixinLivingEntity from witherstormmod.mixins.json into net.minecraft.world.entity.LivingEntity
[24Apr2025 23:54:02.784] [main/DEBUG] [mixin/]: Renaming synthetic method lambda$witherstormmod$preventDrops_dropAllDeathLoot$0(Lorg/apache/commons/lang3/mutable/MutableBoolean;Lnet/minecraft/world/phys/Vec3;)V to mdbf7c5d$lambda$witherstormmod$preventDrops_dropAllDeathLoot$0$0 in witherstormmod.mixins.json:MixinLivingEntity
[24Apr2025 23:54:02.810] [main/DEBUG] [net.minecraftforge.coremod.transformer.CoreModBaseTransformer/COREMOD]: Transforming net/minecraft/world/entity/EntityType
[24Apr2025 23:54:02.899] [main/DEBUG] [mixin/]: Mixing MixinLivingEntityAccessor from witherstormmod.mixins.json into net.minecraft.world.entity.LivingEntity
[24Apr2025 23:54:03.066] [main/DEBUG] [net.minecraftforge.coremod.transformer.CoreModBaseTransformer/COREMOD]: Transforming m_41435_ with desc (Lnet/minecraft/world/level/Level;Lnet/minecraft/world/entity/player/Player;Lnet/minecraft/world/level/ClipContext$Fluid;)Lnet/minecraft/world/phys/BlockHitResult;
[24Apr2025 23:54:03.085] [main/DEBUG] [net.minecraftforge.coremod.transformer.CoreModBaseTransformer/COREMOD]: Transforming m_46758_ with desc (Lnet/minecraft/core/BlockPos;)Z
[24Apr2025 23:54:03.100] [main/DEBUG] [net.minecraftforge.coremod.transformer.CoreModBaseTransformer/COREMOD]: Transforming net/minecraft/server/level/ServerLevel
[24Apr2025 23:54:03.102] [main/DEBUG] [mixin/]: Mixing MixinServerLevel from glitchcore.mixins.json into net.minecraft.server.level.ServerLevel
[24Apr2025 23:54:03.103] [main/DEBUG] [mixin/]: Mixing ServerLevelMixin from supplementaries-common.mixins.json into net.minecraft.server.level.ServerLevel
[24Apr2025 23:54:03.109] [main/DEBUG] [mixin/]: Renaming synthetic method lambda$unluckyLightning$0(Lnet/minecraft/world/entity/LivingEntity;)Z to mdbf7c5d$lambda$unluckyLightning$0$0 in supplementaries-common.mixins.json:ServerLevelMixin
[24Apr2025 23:54:03.119] [main/DEBUG] [mixin/]: Mixing ServerLevelMixin from moonlight-common.mixins.json into net.minecraft.server.level.ServerLevel
[24Apr2025 23:54:03.120] [main/DEBUG] [mixin/]: Discarding sythetic bridge method synthetic in m_6325_ because existing method in moonlight-common.mixins.json:ServerLevelMixin is compatible
[24Apr2025 23:54:03.149] [main/DEBUG] [mixin/]: Mixing MixinItemEntity from witherstormmod.mixins.json into net.minecraft.world.entity.item.ItemEntity
[24Apr2025 23:54:03.159] [main/DEBUG] [net.minecraftforge.coremod.transformer.CoreModBaseTransformer/COREMOD]: Transforming m_36170_ with desc (Lnet/minecraft/world/entity/player/PlayerModelPart;)Z
[24Apr2025 23:54:03.159] [main/DEBUG] [net.minecraftforge.coremod.transformer.CoreModBaseTransformer/COREMOD]: Transforming m_36170_ with desc (Lnet/minecraft/world/entity/player/PlayerModelPart;)Z
[24Apr2025 23:54:03.160] [main/DEBUG] [mixin/]: Mixing PlayerMixin from carryon.mixins.json into net.minecraft.world.entity.player.Player
[24Apr2025 23:54:03.162] [main/DEBUG] [mixin/]: Mixing PlayerMixin from supplementaries-common.mixins.json into net.minecraft.world.entity.player.Player
[24Apr2025 23:54:03.163] [main/DEBUG] [mixin/]: Mixing PlayerProjectileMixin from supplementaries.mixins.json into net.minecraft.world.entity.player.Player
[24Apr2025 23:54:03.166] [main/DEBUG] [mixin/]: Mixing MixinPlayer from witherstormmod.mixins.json into net.minecraft.world.entity.player.Player
[24Apr2025 23:54:03.216] [main/DEBUG] [net.minecraftforge.coremod.transformer.CoreModBaseTransformer/COREMOD]: Transforming m_41435_ with desc (Lnet/minecraft/world/level/Level;Lnet/minecraft/world/entity/player/Player;Lnet/minecraft/world/level/ClipContext$Fluid;)Lnet/minecraft/world/phys/BlockHitResult;
[24Apr2025 23:54:03.216] [main/DEBUG] [mixin/]: Mixing ItemMixin from moonlight-common.mixins.json into net.minecraft.world.item.Item
[24Apr2025 23:54:03.229] [main/DEBUG] [net.minecraftforge.coremod.transformer.CoreModBaseTransformer/COREMOD]: Transforming net/minecraft/world/entity/EntityType
[24Apr2025 23:54:03.300] [main/DEBUG] [mixin/]: Mixing MixinMobEffect from witherstormmod.mixins.json into net.minecraft.world.effect.MobEffect
[24Apr2025 23:54:03.312] [main/DEBUG] [mixin/]: Mixing MixinBlockEntityType from crackerslib.mixins.json into net.minecraft.world.level.block.entity.BlockEntityType
[24Apr2025 23:54:03.366] [main/DEBUG] [mixin/]: Mixing FireBlockMixin from supplementaries-common.mixins.json into net.minecraft.world.level.block.FireBlock
[24Apr2025 23:54:03.371] [main/DEBUG] [mixin/]: Mixing FireBlockAccessor from supplementaries.mixins.json into net.minecraft.world.level.block.FireBlock
[24Apr2025 23:54:03.371] [main/DEBUG] [mixin/]: Mixing FireBlockMixin from moonlight.mixins.json into net.minecraft.world.level.block.FireBlock
[24Apr2025 23:54:03.374] [main/DEBUG] [mixin/]: Mixing FireBlockInvoker from fromanotherworld-common.mixins.json into net.minecraft.world.level.block.FireBlock
[24Apr2025 23:54:03.374] [main/DEBUG] [mixin/]: Mixing FireBlockInvoker from fromanotherlibrary.mixins.json into net.minecraft.world.level.block.FireBlock
[24Apr2025 23:54:03.594] [main/DEBUG] [net.minecraftforge.coremod.transformer.CoreModBaseTransformer/COREMOD]: Transforming net/minecraft/world/level/block/LiquidBlock
[24Apr2025 23:54:03.601] [main/DEBUG] [mixin/]: Mixing MixinFallingBlock from witherstormmod.mixins.json into net.minecraft.world.level.block.FallingBlock
[24Apr2025 23:54:03.618] [main/DEBUG] [mixin/]: Mixing accessor.DispenserBlockAccessor from moonlight-common.mixins.json into net.minecraft.world.level.block.DispenserBlock
[24Apr2025 23:54:03.619] [main/DEBUG] [mixin/]: Renaming @Accessor method getDispenserRegistry()Ljava/util/Map; to getDispenserRegistry_$md$bf7c5d$0 in moonlight-common.mixins.json:accessor.DispenserBlockAccessor
[24Apr2025 23:54:03.636] [main/DEBUG] [net.minecraftforge.coremod.transformer.CoreModBaseTransformer/COREMOD]: Transforming m_7898_ with desc (Lnet/minecraft/world/level/block/state/BlockState;Lnet/minecraft/world/level/LevelReader;Lnet/minecraft/core/BlockPos;)Z
[24Apr2025 23:54:03.652] [main/DEBUG] [net.minecraftforge.coremod.transformer.CoreModBaseTransformer/COREMOD]: Transforming net/minecraft/world/level/block/StairBlock
[24Apr2025 23:54:03.661] [main/DEBUG] [mixin/]: Mixing CropBlockMixin from balm.mixins.json into net.minecraft.world.level.block.CropBlock
[24Apr2025 23:54:03.696] [main/DEBUG] [mixin/]: Mixing IronBarsBlockMixin from supplementaries-common.mixins.json into net.minecraft.world.level.block.IronBarsBlock
[24Apr2025 23:54:03.708] [main/DEBUG] [mixin/]: Mixing StemBlockMixin from balm.mixins.json into net.minecraft.world.level.block.StemBlock
[24Apr2025 23:54:03.732] [main/DEBUG] [net.minecraftforge.coremod.transformer.CoreModBaseTransformer/COREMOD]: Transforming net/minecraft/world/level/block/FlowerPotBlock
[24Apr2025 23:54:03.743] [main/DEBUG] [mixin/]: Mixing ComparatorBlockMixin from supplementaries-common.mixins.json into net.minecraft.world.level.block.ComparatorBlock
[24Apr2025 23:54:03.769] [main/DEBUG] [mixin/]: Mixing ObserverBlockMixin from supplementaries-common.mixins.json into net.minecraft.world.level.block.ObserverBlock
[24Apr2025 23:54:03.805] [main/DEBUG] [mixin/]: Mixing MixinBellBlock from witherstormmod.mixins.json into net.minecraft.world.level.block.BellBlock
[24Apr2025 23:54:03.814] [main/DEBUG] [mixin/]: Mixing CampfireBlockMixin from supplementaries-common.mixins.json into net.minecraft.world.level.block.CampfireBlock
[24Apr2025 23:54:03.849] [main/DEBUG] [mixin/]: Mixing MixinPointedDripstoneBlock from witherstormmod.mixins.json into net.minecraft.world.level.block.PointedDripstoneBlock
[24Apr2025 23:54:03.850] [main/DEBUG] [mixin/]: Renaming @Invoker method callIsStalagmite(Lnet/minecraft/world/level/block/state/BlockState;)Z to callIsStalagmite_$md$bf7c5d$0 in witherstormmod.mixins.json:MixinPointedDripstoneBlock
[24Apr2025 23:54:03.850] [main/DEBUG] [mixin/]: Renaming @Invoker method callSpawnFallingStalactite(Lnet/minecraft/world/level/block/state/BlockState;Lnet/minecraft/server/level/ServerLevel;Lnet/minecraft/core/BlockPos;)V to callSpawnFallingStalactite_$md$bf7c5d$1 in witherstormmod.mixins.json:MixinPointedDripstoneBlock
[24Apr2025 23:54:03.983] [main/DEBUG] [mixin/]: Mixing FallingBlockEntityMixin from supplementaries-common.mixins.json into net.minecraft.world.entity.item.FallingBlockEntity
[24Apr2025 23:54:03.990] [main/DEBUG] [mixin/]: Mixing BlockEntityMixin from collective_forge.mixins.json into net.minecraft.world.level.block.entity.BlockEntity
[24Apr2025 23:54:04.058] [main/DEBUG] [mixin/]: Mixing accessor.DispenserBlockEntityAccessor from moonlight-common.mixins.json into net.minecraft.world.level.block.entity.DispenserBlockEntity
[24Apr2025 23:54:04.260] [main/DEBUG] [mixin/]: Mixing PistonBlockEntityMixin from moonlight-common.mixins.json into net.minecraft.world.level.block.piston.PistonMovingBlockEntity
[24Apr2025 23:54:04.311] [main/DEBUG] [mixin/]: Mixing MixinPrimedTnt from witherstormmod.mixins.json into net.minecraft.world.entity.item.PrimedTnt
[24Apr2025 23:54:04.529] [main/DEBUG] [mixin/]: Mixing AbstractArrowMixin from supplementaries-common.mixins.json into net.minecraft.world.entity.projectile.AbstractArrow
[24Apr2025 23:54:04.549] [main/DEBUG] [mixin/]: Mixing EntityMixin from moonlight-common.mixins.json into net.minecraft.world.entity.Mob
[24Apr2025 23:54:04.550] [main/DEBUG] [mixin/]: Mixing MixinMob from witherstormmod.mixins.json into net.minecraft.world.entity.Mob
[24Apr2025 23:54:04.615] [main/DEBUG] [net.minecraftforge.coremod.transformer.CoreModBaseTransformer/COREMOD]: Transforming net/minecraft/world/item/ItemStack
[24Apr2025 23:54:04.616] [main/DEBUG] [mixin/]: Mixing MixinItemStack from glitchcore.mixins.json into net.minecraft.world.item.ItemStack
[24Apr2025 23:54:04.813] [main/DEBUG] [mixin/]: Mixing ShulkerBoxBlockEntityMixin from supplementaries-common.mixins.json into net.minecraft.world.level.block.entity.ShulkerBoxBlockEntity
[24Apr2025 23:54:05.050] [main/DEBUG] [mixin/]: Mixing LoomMenuMixin from supplementaries-common.mixins.json into net.minecraft.world.inventory.LoomMenu
[24Apr2025 23:54:05.063] [main/DEBUG] [mixin/]: Mixing CartographyTableMixin from supplementaries-common.mixins.json into net.minecraft.world.inventory.CartographyTableMenu
[24Apr2025 23:54:05.074] [main/DEBUG] [mixin/]: Mixing GrindstoneMenuMixin from supplementaries-common.mixins.json into net.minecraft.world.inventory.GrindstoneMenu
[24Apr2025 23:54:05.090] [main/DEBUG] [mixin/]: Mixing LecternTileEntityMixin from assets/camera/camera.mixins.json into net.minecraft.world.level.block.entity.LecternBlockEntity
[24Apr2025 23:54:05.188] [main/DEBUG] [mixin/]: Mixing StructureBlockEntityMixin from structure_gel.mixins.json into net.minecraft.world.level.block.entity.StructureBlockEntity
[24Apr2025 23:54:05.194] [main/DEBUG] [mixin/]: Mixing TemplateMixins$StructureBlockEntityMixin from structure_gel.mixins.json into net.minecraft.world.level.block.entity.StructureBlockEntity
[24Apr2025 23:54:05.317] [main/DEBUG] [mixin/]: Mixing LightningEntityMixin from moonlight-common.mixins.json into net.minecraft.world.entity.LightningBolt
[24Apr2025 23:54:05.382] [main/DEBUG] [net.minecraftforge.coremod.transformer.CoreModBaseTransformer/COREMOD]: Transforming net/minecraft/world/entity/animal/frog/Tadpole
[24Apr2025 23:54:05.405] [main/DEBUG] [mixin/]: Mixing BlockItemMixin from moonlight-common.mixins.json into net.minecraft.world.item.BlockItem
[24Apr2025 23:54:05.415] [main/DEBUG] [mixin/]: Mixing BowMixin from supplementaries-common.mixins.json into net.minecraft.world.item.BowItem
[24Apr2025 23:54:05.415] [main/DEBUG] [mixin/]: Renaming synthetic method lambda$getAllSupportedProjectiles$0(Ljava/util/function/Predicate;Lnet/minecraft/world/item/ItemStack;)Z to mdbf7c5d$lambda$getAllSupportedProjectiles$0$0 in supplementaries-common.mixins.json:BowMixin
[24Apr2025 23:54:05.418] [main/DEBUG] [mixin/]: Mixing ProjectileWeaponItemMixin from supplementaries-common.mixins.json into net.minecraft.world.item.ProjectileWeaponItem
[24Apr2025 23:54:05.427] [main/DEBUG] [mixin/]: Mixing PaintingItemMixin from supplementaries-common.mixins.json into net.minecraft.world.item.HangingEntityItem
[24Apr2025 23:54:05.431] [main/DEBUG] [net.minecraftforge.coremod.transformer.CoreModBaseTransformer/COREMOD]: Transforming m_218868_ with desc ()Ljava/util/OptionalInt;
[24Apr2025 23:54:05.437] [main/DEBUG] [net.minecraftforge.coremod.transformer.CoreModBaseTransformer/COREMOD]: Transforming net/minecraft/world/item/BucketItem
[24Apr2025 23:54:05.441] [main/DEBUG] [mixin/]: Mixing MobBucketItemAccessor from supplementaries.mixins.json into net.minecraft.world.item.MobBucketItem
[24Apr2025 23:54:05.442] [main/DEBUG] [net.minecraftforge.coremod.transformer.CoreModBaseTransformer/COREMOD]: Transforming net/minecraft/world/item/BucketItem
[24Apr2025 23:54:05.448] [main/DEBUG] [mixin/]: Mixing InkSackMixin from supplementaries-common.mixins.json into net.minecraft.world.item.InkSacItem
[24Apr2025 23:54:05.452] [main/DEBUG] [mixin/]: Mixing BoneMealItemMixin from collective_forge.mixins.json into net.minecraft.world.item.BoneMealItem
[24Apr2025 23:54:05.457] [main/DEBUG] [net.minecraftforge.coremod.transformer.CoreModBaseTransformer/COREMOD]: Transforming m_7373_ with desc (Lnet/minecraft/world/item/ItemStack;Lnet/minecraft/world/level/Level;Ljava/util/List;Lnet/minecraft/world/item/TooltipFlag;)V
[24Apr2025 23:54:05.458] [main/DEBUG] [mixin/]: Mixing MapItemMixin from supplementaries-common.mixins.json into net.minecraft.world.item.MapItem
[24Apr2025 23:54:05.460] [main/DEBUG] [mixin/]: Renaming synthetic method lambda$updateCustomColor$3(Lorg/joml/Vector2i;)D to mdbf7c5d$lambda$updateCustomColor$3$0 in supplementaries-common.mixins.json:MapItemMixin
[24Apr2025 23:54:05.460] [main/DEBUG] [mixin/]: Renaming synthetic method lambda$updateCustomColor$2(Lorg/joml/Vector2i;)D to mdbf7c5d$lambda$updateCustomColor$2$1 in supplementaries-common.mixins.json:MapItemMixin
[24Apr2025 23:54:05.460] [main/DEBUG] [mixin/]: Renaming synthetic method lambda$removeXrayAndAddAccurateColor$1(Lnet/minecraft/core/BlockPos;Lorg/joml/Vector2i;)Lcom/mojang/datafixers/util/Pair; to mdbf7c5d$lambda$removeXrayAndAddAccurateColor$1$2 in supplementaries-common.mixins.json:MapItemMixin
[24Apr2025 23:54:05.460] [main/DEBUG] [mixin/]: Renaming synthetic method lambda$removeXrayAndAddAccurateColor$0(Lorg/joml/Vector2i;)Ljava/util/List; to mdbf7c5d$lambda$removeXrayAndAddAccurateColor$0$3 in supplementaries-common.mixins.json:MapItemMixin
[24Apr2025 23:54:05.490] [main/DEBUG] [mixin/]: Mixing MapItemMixin from moonlight-common.mixins.json into net.minecraft.world.item.MapItem
[24Apr2025 23:54:05.491] [main/DEBUG] [mixin/]: Renaming synthetic method lambda$update$1(Lnet/minecraft/world/level/saveddata/maps/MapItemSavedData;Lnet/minecraft/world/entity/Entity;Ljava/util/concurrent/atomic/AtomicBoolean;Lnet/minecraft/resources/ResourceLocation;Lnet/mehvahdjukaar/moonlight/api/map/CustomMapData;)V to mdbf7c5d$lambda$update$1$4 in moonlight-common.mixins.json:MapItemMixin
[24Apr2025 23:54:05.491] [main/DEBUG] [mixin/]: Renaming synthetic method lambda$appendHoverText$0(Lnet/minecraft/world/level/saveddata/maps/MapItemSavedData;Lnet/minecraft/world/item/ItemStack;Ljava/util/List;Lnet/minecraft/resources/ResourceLocation;Lnet/mehvahdjukaar/moonlight/api/map/CustomMapData;)V to mdbf7c5d$lambda$appendHoverText$0$5 in moonlight-common.mixins.json:MapItemMixin
[24Apr2025 23:54:05.515] [main/DEBUG] [mixin/]: Mixing ShearItemMixin from moonlight-common.mixins.json into net.minecraft.world.item.ShearsItem
[24Apr2025 23:54:05.522] [main/DEBUG] [net.minecraftforge.coremod.transformer.CoreModBaseTransformer/COREMOD]: Transforming m_7626_ with desc (Lnet/minecraft/world/item/ItemStack;)Lnet/minecraft/network/chat/Component;
[24Apr2025 23:54:05.537] [main/DEBUG] [mixin/]: Mixing CrossbowItemRopeMixin from supplementaries-common.mixins.json into net.minecraft.world.item.CrossbowItem
[24Apr2025 23:54:05.537] [main/DEBUG] [mixin/]: Mixing MixinCrossbowItem from witherstormmod.mixins.json into net.minecraft.world.item.CrossbowItem
[24Apr2025 23:54:05.538] [main/DEBUG] [mixin/]: Renaming synthetic method lambda$shootProjectile$1(Lnet/minecraft/world/InteractionHand;Lnet/minecraft/world/entity/LivingEntity;)V to mdbf7c5d$lambda$shootProjectile$1$0 in witherstormmod.mixins.json:MixinCrossbowItem
[24Apr2025 23:54:05.538] [main/DEBUG] [mixin/]: Renaming synthetic method lambda$static$0(Lnet/minecraft/world/item/ItemStack;)Z to mdbf7c5d$lambda$static$0$1 in witherstormmod.mixins.json:MixinCrossbowItem
[24Apr2025 23:54:05.565] [main/DEBUG] [mixin/]: Mixing BannerPatternItemMixin from supplementaries-common.mixins.json into net.minecraft.world.item.BannerPatternItem
[24Apr2025 23:54:05.569] [main/DEBUG] [mixin/]: Mixing BrushItemMixin from supplementaries-common.mixins.json into net.minecraft.world.item.BrushItem
[24Apr2025 23:54:05.619] [main/DEBUG] [net.minecraftforge.coremod.transformer.CoreModBaseTransformer/COREMOD]: Transforming m_7088_ with desc ()Z
[24Apr2025 23:54:06.206] [main/DEBUG] [mixin/]: Mixing MixinAreaEffectCloud from witherstormmod.mixins.json into net.minecraft.world.entity.AreaEffectCloud
[24Apr2025 23:54:06.224] [main/DEBUG] [mixin/]: Mixing MixinBee from witherstormmod.mixins.json into net.minecraft.world.entity.animal.Bee
[24Apr2025 23:54:06.235] [main/DEBUG] [mixin/]: Mixing TemptGoalMixin from noanimaltemptdelay_forge.mixins.json into net.minecraft.world.entity.ai.goal.TemptGoal
[24Apr2025 23:54:06.239] [main/DEBUG] [mixin/]: Mixing MixinBeePollinateGoal from witherstormmod.mixins.json into net.minecraft.world.entity.animal.Bee$BeePollinateGoal
[24Apr2025 23:54:06.244] [main/DEBUG] [mixin/]: Mixing BeeGoalMixin from moonlight-common.mixins.json into net.minecraft.world.entity.animal.Bee$BeeGrowCropGoal
[24Apr2025 23:54:06.271] [main/DEBUG] [mixin/]: Mixing AbstractHorseMixin from supplementaries-common.mixins.json into net.minecraft.world.entity.animal.horse.AbstractHorse
[24Apr2025 23:54:06.299] [main/DEBUG] [mixin/]: Mixing CatSitOnBlockGoalMixin from supplementaries-common.mixins.json into net.minecraft.world.entity.ai.goal.CatSitOnBlockGoal
[24Apr2025 23:54:06.306] [main/DEBUG] [net.minecraftforge.coremod.transformer.CoreModBaseTransformer/COREMOD]: Transforming net/minecraft/world/entity/monster/Spider
[24Apr2025 23:54:06.323] [main/DEBUG] [mixin/]: Mixing SkeletonMixin from supplementaries-common.mixins.json into net.minecraft.world.entity.monster.Skeleton
[24Apr2025 23:54:06.331] [main/DEBUG] [mixin/]: Mixing AbstractSkeletonMixin from supplementaries-common.mixins.json into net.minecraft.world.entity.monster.AbstractSkeleton
[24Apr2025 23:54:06.337] [main/DEBUG] [mixin/]: Mixing MixinAbstractSkeleton from witherstormmod.mixins.json into net.minecraft.world.entity.monster.AbstractSkeleton
[24Apr2025 23:54:06.364] [main/DEBUG] [mixin/]: Mixing CreeperMixin from supplementaries-common.mixins.json into net.minecraft.world.entity.monster.Creeper
[24Apr2025 23:54:06.367] [main/DEBUG] [mixin/]: Mixing IMixinCreeper from witherstormmod.mixins.json into net.minecraft.world.entity.monster.Creeper
[24Apr2025 23:54:06.373] [main/DEBUG] [mixin/]: Mixing MixinSwellGoal from witherstormmod.mixins.json into net.minecraft.world.entity.ai.goal.SwellGoal
[24Apr2025 23:54:06.377] [main/WARN] [mixin/]: @Inject(@At("INVOKE")) Shift.BY=2 on witherstormmod.mixins.json:MixinSwellGoal::handler$zib000$canUseInvoke exceeds the maximum allowed value: 0. Increase the value of maxShiftBy to suppress this warning.
[24Apr2025 23:54:06.387] [main/DEBUG] [mixin/]: Mixing MixinDragonFireball from witherstormmod.mixins.json into net.minecraft.world.entity.projectile.DragonFireball
[24Apr2025 23:54:06.397] [main/DEBUG] [net.minecraftforge.coremod.transformer.CoreModBaseTransformer/COREMOD]: Transforming net/minecraft/world/entity/monster/Zombie
[24Apr2025 23:54:06.472] [main/DEBUG] [net.minecraftforge.coremod.transformer.CoreModBaseTransformer/COREMOD]: Transforming net/minecraft/world/entity/monster/ZombieVillager
[24Apr2025 23:54:06.508] [main/DEBUG] [mixin/]: Mixing IMixinZombieVillager from witherstormmod.mixins.json into net.minecraft.world.entity.monster.ZombieVillager
[24Apr2025 23:54:06.509] [main/DEBUG] [net.minecraftforge.coremod.transformer.CoreModBaseTransformer/COREMOD]: Transforming net/minecraft/world/entity/monster/Zombie
[24Apr2025 23:54:06.604] [main/DEBUG] [mixin/]: Mixing EndermanMixin from supplementaries-common.mixins.json into net.minecraft.world.entity.monster.EnderMan
[24Apr2025 23:54:06.612] [main/DEBUG] [mixin/]: Mixing EvokerMixin from supplementaries-common.mixins.json into net.minecraft.world.entity.monster.Evoker
[24Apr2025 23:54:06.623] [main/DEBUG] [net.minecraftforge.coremod.transformer.CoreModBaseTransformer/COREMOD]: Transforming net/minecraft/world/entity/monster/Evoker$EvokerSummonSpellGoal
[24Apr2025 23:54:06.640] [main/DEBUG] [mixin/]: Mixing FixBlockPlaceContextMixin from moonlight-common.mixins.json into net.minecraft.world.item.context.BlockPlaceContext
[24Apr2025 23:54:06.648] [main/DEBUG] [mixin/]: Mixing FoxMixin from fromanotherworld-common.mixins.json into net.minecraft.world.entity.animal.Fox
[24Apr2025 23:54:06.670] [main/DEBUG] [net.minecraftforge.coremod.transformer.CoreModBaseTransformer/COREMOD]: Transforming m_218868_ with desc ()Ljava/util/OptionalInt;
[24Apr2025 23:54:06.700] [main/DEBUG] [mixin/]: Mixing SlimeMixin from supplementaries-common.mixins.json into net.minecraft.world.entity.monster.Slime
[24Apr2025 23:54:06.724] [main/DEBUG] [mixin/]: Mixing IMixinPhantom from witherstormmod.mixins.json into net.minecraft.world.entity.monster.Phantom
[24Apr2025 23:54:06.742] [main/DEBUG] [mixin/]: Mixing ThrownPotionMixin from moonlight-common.mixins.json into net.minecraft.world.entity.projectile.ThrownPotion
[24Apr2025 23:54:06.760] [main/DEBUG] [mixin/]: Mixing IMixinShulkerBullet from witherstormmod.mixins.json into net.minecraft.world.entity.projectile.ShulkerBullet
[24Apr2025 23:54:06.773] [main/DEBUG] [mixin/]: Mixing SkellyHorseMixin from supplementaries-common.mixins.json into net.minecraft.world.entity.animal.horse.SkeletonHorse
[24Apr2025 23:54:06.774] [main/DEBUG] [mixin/]: Renaming synthetic method lambda$tick$0(Ljava/lang/Integer;)V to mdbf7c5d$lambda$tick$0$0 in supplementaries-common.mixins.json:SkellyHorseMixin
[24Apr2025 23:54:06.791] [main/DEBUG] [net.minecraftforge.coremod.transformer.CoreModBaseTransformer/COREMOD]: Transforming net/minecraft/world/entity/animal/horse/SkeletonTrapGoal
[24Apr2025 23:54:06.809] [main/DEBUG] [mixin/]: Mixing MixinSnowball from witherstormmod.mixins.json into net.minecraft.world.entity.projectile.Snowball
[24Apr2025 23:54:06.818] [main/DEBUG] [mixin/]: Mixing StrayMixin from supplementaries-common.mixins.json into net.minecraft.world.entity.monster.Stray
[24Apr2025 23:54:06.826] [main/DEBUG] [net.minecraftforge.coremod.transformer.CoreModBaseTransformer/COREMOD]: Transforming net/minecraft/world/entity/monster/Strider
[24Apr2025 23:54:06.879] [main/DEBUG] [mixin/]: Mixing FriendlyByteBufMixin from supplementaries.mixins.json into net.minecraft.network.FriendlyByteBuf
[24Apr2025 23:54:06.900] [main/DEBUG] [mixin/]: Mixing IMixinSynchedEntityData from witherstormmod.mixins.json into net.minecraft.network.syncher.SynchedEntityData
[24Apr2025 23:54:06.909] [main/DEBUG] [net.minecraftforge.coremod.transformer.CoreModBaseTransformer/COREMOD]: Transforming net/minecraft/server/level/ServerPlayer
[24Apr2025 23:54:06.910] [main/DEBUG] [net.minecraftforge.coremod.transformer.CoreModBaseTransformer/COREMOD]: Transforming net/minecraft/server/level/ServerPlayer
[24Apr2025 23:54:06.911] [main/DEBUG] [mixin/]: Mixing MixinServerPlayer from glitchcore.forge.mixins.json into net.minecraft.server.level.ServerPlayer
[24Apr2025 23:54:06.912] [main/DEBUG] [mixin/]: Mixing ServerPlayerMixin from moonlight-common.mixins.json into net.minecraft.server.level.ServerPlayer
[24Apr2025 23:54:06.939] [main/DEBUG] [mixin/]: Mixing ChunkAccessMixin$Access from structure_gel.mixins.json into net.minecraft.world.level.chunk.ChunkAccess
[24Apr2025 23:54:06.943] [main/DEBUG] [net.minecraftforge.coremod.transformer.CoreModBaseTransformer/COREMOD]: Transforming net/minecraft/world/level/chunk/LevelChunk
[24Apr2025 23:54:06.944] [main/DEBUG] [net.minecraftforge.coremod.transformer.CoreModBaseTransformer/COREMOD]: Transforming net/minecraft/world/level/chunk/LevelChunk
[24Apr2025 23:54:06.944] [main/DEBUG] [mixin/]: Mixing LevelChunkMixin from moonlight-common.mixins.json into net.minecraft.world.level.chunk.LevelChunk
[24Apr2025 23:54:06.956] [main/DEBUG] [mixin/]: Mixing TraderLlamaMixin from fromanotherworld-common.mixins.json into net.minecraft.world.entity.animal.horse.TraderLlama
[24Apr2025 23:54:06.971] [main/DEBUG] [net.minecraftforge.coremod.transformer.CoreModBaseTransformer/COREMOD]: Transforming net/minecraft/world/entity/npc/Villager
[24Apr2025 23:54:07.063] [main/DEBUG] [mixin/]: Mixing VillagerMixin from moonlight-common.mixins.json into net.minecraft.world.entity.npc.Villager
[24Apr2025 23:54:07.066] [main/DEBUG] [mixin/]: Mixing MixinVillager from witherstormmod.mixins.json into net.minecraft.world.entity.npc.Villager
[24Apr2025 23:54:07.080] [main/DEBUG] [mixin/]: Mixing WanderingTraderMixin from supplementaries-common.mixins.json into net.minecraft.world.entity.npc.WanderingTrader
[24Apr2025 23:54:07.081] [main/DEBUG] [mixin/]: Mixing WanderingTraderMixin from fromanotherworld-common.mixins.json into net.minecraft.world.entity.npc.WanderingTrader
[24Apr2025 23:54:07.096] [main/DEBUG] [mixin/]: Mixing ZombieHorseMixin from supplementaries-common.mixins.json into net.minecraft.world.entity.animal.horse.ZombieHorse
[24Apr2025 23:54:07.112] [main/DEBUG] [mixin/]: Mixing MixinFishingHook from witherstormmod.mixins.json into net.minecraft.world.entity.projectile.FishingHook
[24Apr2025 23:54:07.133] [main/DEBUG] [net.minecraftforge.coremod.transformer.CoreModBaseTransformer/COREMOD]: Transforming net/minecraft/world/effect/MobEffectInstance
[24Apr2025 23:54:07.160] [main/DEBUG] [mixin/]: Mixing ServerGamePacketListenerMixin from supplementaries-common.mixins.json into net.minecraft.server.network.ServerGamePacketListenerImpl
[24Apr2025 23:54:07.160] [main/DEBUG] [mixin/]: Renaming synthetic method lambda$addAntiqueInk$0(Ljava/util/function/UnaryOperator;Ljava/lang/String;)Ljava/lang/String; to mdbf7c5d$lambda$addAntiqueInk$0$0 in supplementaries-common.mixins.json:ServerGamePacketListenerMixin
[24Apr2025 23:54:07.199] [main/DEBUG] [mixin/]: Mixing AbstractProjectileBehaviorAccessor from supplementaries-common.mixins.json into net.minecraft.core.dispenser.AbstractProjectileDispenseBehavior
[24Apr2025 23:54:07.247] [main/DEBUG] [mixin/]: Mixing structures.StructureProcessorAccessor from dungeonnowloading.forge.mixins.json into net.minecraft.world.level.levelgen.structure.templatesystem.StructureProcessor
[24Apr2025 23:54:07.272] [main/DEBUG] [mixin/]: Mixing StructureTemplateManagerMixin from structure_gel.mixins.json into net.minecraft.world.level.levelgen.structure.templatesystem.StructureTemplateManager
[24Apr2025 23:54:07.278] [main/DEBUG] [mixin/]: Mixing ChunkGeneratorMixin from structure_gel.mixins.json into net.minecraft.world.level.chunk.ChunkGenerator
[24Apr2025 23:54:07.278] [main/DEBUG] [mixin/]: Renaming synthetic method lambda$stopIfNotInDimension$0(Lnet/minecraft/resources/ResourceKey;Ljava/util/Optional;)Z to mdbf7c5d$lambda$stopIfNotInDimension$0$0 in structure_gel.mixins.json:ChunkGeneratorMixin
[24Apr2025 23:54:07.304] [main/DEBUG] [mixin/]: Mixing InventoryMixin from carryon.mixins.json into net.minecraft.world.entity.player.Inventory
[24Apr2025 23:54:07.306] [main/DEBUG] [mixin/]: Mixing InventoryMixin from moonlight-common.mixins.json into net.minecraft.world.entity.player.Inventory
[24Apr2025 23:54:07.316] [main/DEBUG] [mixin/]: Mixing SlotAccessor from balm.mixins.json into net.minecraft.world.inventory.Slot
[24Apr2025 23:54:07.322] [main/DEBUG] [mixin/]: Mixing GrindstoneInputSlotMixin from supplementaries-common.mixins.json into net.minecraft.world.inventory.GrindstoneMenu$2
[24Apr2025 23:54:07.324] [main/DEBUG] [mixin/]: Mixing GrindstoneTestSlotMixin from supplementaries-common.mixins.json into net.minecraft.world.inventory.GrindstoneMenu$4
[24Apr2025 23:54:07.325] [main/DEBUG] [mixin/]: Mixing GrindstoneMenuSlotMixin from moonlight-common.mixins.json into net.minecraft.world.inventory.GrindstoneMenu$4
[24Apr2025 23:54:07.328] [main/DEBUG] [mixin/]: Mixing LoomInputSlotMixin from supplementaries-common.mixins.json into net.minecraft.world.inventory.LoomMenu$3
[24Apr2025 23:54:07.333] [main/DEBUG] [mixin/]: Mixing CartographyTableInputSlotMixin from supplementaries-common.mixins.json into net.minecraft.world.inventory.CartographyTableMenu$4
[24Apr2025 23:54:07.340] [main/DEBUG] [mixin/]: Mixing MapExtendingRecipeMixin from moonlight-common.mixins.json into net.minecraft.world.item.crafting.MapExtendingRecipe
[24Apr2025 23:54:07.430] [main/DEBUG] [mixin/]: Mixing ExplorationMapSerializerMixin from supplementaries-common.mixins.json into net.minecraft.world.level.storage.loot.functions.ExplorationMapFunction$Serializer
[24Apr2025 23:54:07.436] [main/DEBUG] [mixin/]: Mixing ExplorationMapFunctionMixin from supplementaries-common.mixins.json into net.minecraft.world.level.storage.loot.functions.ExplorationMapFunction
[24Apr2025 23:54:07.553] [main/DEBUG] [mixin/]: Mixing LakeFeatureMixin from structure_gel.mixins.json into net.minecraft.world.level.levelgen.feature.LakeFeature
[24Apr2025 23:54:07.673] [main/DEBUG] [net.minecraftforge.coremod.transformer.CoreModBaseTransformer/COREMOD]: Transforming net/minecraft/world/level/levelgen/structure/Structure
[24Apr2025 23:54:07.673] [main/DEBUG] [mixin/]: Mixing StructureMixin from structure_gel.mixins.json into net.minecraft.world.level.levelgen.structure.Structure
[24Apr2025 23:54:07.674] [main/DEBUG] [net.minecraftforge.coremod.transformer.CoreModBaseTransformer/COREMOD]: Transforming m_226857_ with desc (Lnet/minecraft/world/level/levelgen/structure/pieces/StructurePieceSerializationContext;Lnet/minecraft/nbt/CompoundTag;J)Lnet/minecraft/world/level/levelgen/structure/StructureStart;
[24Apr2025 23:54:07.694] [main/DEBUG] [mixin/]: Mixing MineshaftCorridorMixin from supplementaries-common.mixins.json into net.minecraft.world.level.levelgen.structure.structures.MineshaftPieces$MineShaftCorridor
[24Apr2025 23:54:07.717] [main/DEBUG] [mixin/]: Mixing StrongholdCrossingSconceMixin from supplementaries-common.mixins.json into net.minecraft.world.level.levelgen.structure.structures.StrongholdPieces$FiveCrossing
[24Apr2025 23:54:07.729] [main/DEBUG] [mixin/]: Mixing StrongholdRoomSconceMixin from supplementaries-common.mixins.json into net.minecraft.world.level.levelgen.structure.structures.StrongholdPieces$RoomCrossing
[24Apr2025 23:54:07.737] [main/DEBUG] [net.minecraftforge.coremod.transformer.CoreModBaseTransformer/COREMOD]: Transforming net/minecraft/world/level/levelgen/structure/structures/OceanRuinPieces$OceanRuinPiece
[24Apr2025 23:54:07.753] [main/DEBUG] [mixin/]: Mixing TemplateStructurePieceMixin from structure_gel.mixins.json into net.minecraft.world.level.levelgen.structure.TemplateStructurePiece
[24Apr2025 23:54:07.760] [main/DEBUG] [net.minecraftforge.coremod.transformer.CoreModBaseTransformer/COREMOD]: Transforming net/minecraft/world/level/levelgen/structure/structures/SwampHutPiece
[24Apr2025 23:54:07.781] [main/DEBUG] [net.minecraftforge.coremod.transformer.CoreModBaseTransformer/COREMOD]: Transforming net/minecraft/world/level/levelgen/structure/structures/OceanMonumentPieces$OceanMonumentPiece
[24Apr2025 23:54:07.808] [main/DEBUG] [net.minecraftforge.coremod.transformer.CoreModBaseTransformer/COREMOD]: Transforming net/minecraft/world/level/levelgen/structure/structures/WoodlandMansionPieces$WoodlandMansionPiece
[24Apr2025 23:54:07.827] [main/DEBUG] [mixin/]: Mixing PoolElementStructurePieceMixin from structure_gel.mixins.json into net.minecraft.world.level.levelgen.structure.PoolElementStructurePiece
[24Apr2025 23:54:07.843] [main/DEBUG] [mixin/]: Mixing forge.structures.StructurePoolMixin from dungeonnowloading.forge.mixins.json into net.minecraft.world.level.levelgen.structure.pools.StructureTemplatePool
[24Apr2025 23:54:07.911] [main/DEBUG] [mixin/]: Mixing MixinBiomeSource from terrablender.mixins.json into net.minecraft.world.level.biome.BiomeSource
[24Apr2025 23:54:07.912] [main/DEBUG] [mixin/]: Renaming synthetic method lambda$appendDeferredBiomesList$0(Lcom/google/common/collect/ImmutableList;)Ljava/util/Set; to mdbf7c5d$lambda$appendDeferredBiomesList$0$0 in terrablender.mixins.json:MixinBiomeSource
[24Apr2025 23:54:07.922] [main/DEBUG] [net.minecraftforge.coremod.transformer.CoreModBaseTransformer/COREMOD]: Transforming net/minecraft/world/level/biome/Biome
[24Apr2025 23:54:07.955] [main/DEBUG] [mixin/]: Mixing MixinMultiNoiseBiomeSource from terrablender.mixins.json into net.minecraft.world.level.biome.MultiNoiseBiomeSource
[24Apr2025 23:54:07.958] [main/DEBUG] [mixin/]: Mixing MixinParameterList from terrablender.mixins.json into net.minecraft.world.level.biome.Climate$ParameterList
[24Apr2025 23:54:07.958] [main/DEBUG] [mixin/]: Renaming synthetic method lambda$initializeForTerraBlender$0(Lnet/minecraft/core/Registry;Lcom/google/common/collect/ImmutableList$Builder;Lcom/mojang/datafixers/util/Pair;)V to mdbf7c5d$lambda$initializeForTerraBlender$0$0 in terrablender.mixins.json:MixinParameterList
[24Apr2025 23:54:07.980] [main/DEBUG] [mixin/]: Mixing MixinNoiseGeneratorSettings from terrablender.mixins.json into net.minecraft.world.level.levelgen.NoiseGeneratorSettings
[24Apr2025 23:54:08.055] [main/DEBUG] [mixin/]: Mixing SinglePoolElementMixin from structure_gel.mixins.json into net.minecraft.world.level.levelgen.structure.pools.SinglePoolElement
[24Apr2025 23:54:08.160] [main/DEBUG] [net.minecraftforge.common.ForgeI18n/CORE]: Loading I18N data entries: 6430
[24Apr2025 23:54:08.178] [main/DEBUG] [net.minecraftforge.fml.ModWorkManager/LOADING]: Using 4 threads for parallel mod-loading
[24Apr2025 23:54:08.183] [main/DEBUG] [net.minecraftforge.fml.javafmlmod.FMLJavaModLanguageProvider/LOADING]: Loading FMLModContainer from classloader cpw.mods.modlauncher.TransformingClassLoader@615439f7 - got cpw.mods.cl.ModuleClassLoader@41f35f7c
[24Apr2025 23:54:08.183] [main/DEBUG] [net.minecraftforge.fml.javafmlmod.FMLModContainer/LOADING]: Creating FMLModContainer instance for net.celsiusqc.totw_modded.TowersOfTheWildModded
[24Apr2025 23:54:08.187] [main/DEBUG] [net.minecraftforge.fml.javafmlmod.FMLJavaModLanguageProvider/LOADING]: Loading FMLModContainer from classloader cpw.mods.modlauncher.TransformingClassLoader@615439f7 - got cpw.mods.cl.ModuleClassLoader@41f35f7c
[24Apr2025 23:54:08.187] [main/DEBUG] [net.minecraftforge.fml.javafmlmod.FMLModContainer/LOADING]: Creating FMLModContainer instance for net.blay09.mods.kuma.forge.ForgeKumaAPI
[24Apr2025 23:54:08.188] [main/DEBUG] [net.minecraftforge.fml.javafmlmod.FMLJavaModLanguageProvider/LOADING]: Loading FMLModContainer from classloader cpw.mods.modlauncher.TransformingClassLoader@615439f7 - got cpw.mods.cl.ModuleClassLoader@41f35f7c
[24Apr2025 23:54:08.188] [main/DEBUG] [net.minecraftforge.fml.javafmlmod.FMLModContainer/LOADING]: Creating FMLModContainer instance for com.exline.exlinecopperequipment.CopperEquipmentMain
[24Apr2025 23:54:08.188] [main/DEBUG] [net.minecraftforge.fml.javafmlmod.FMLJavaModLanguageProvider/LOADING]: Loading FMLModContainer from classloader cpw.mods.modlauncher.TransformingClassLoader@615439f7 - got cpw.mods.cl.ModuleClassLoader@41f35f7c
[24Apr2025 23:54:08.188] [main/DEBUG] [net.minecraftforge.fml.javafmlmod.FMLModContainer/LOADING]: Creating FMLModContainer instance for net.mcreator.stalwartdungeons.StalwartDungeonsMod
[24Apr2025 23:54:08.189] [main/DEBUG] [net.minecraftforge.fml.lowcodemod.LowCodeModLanguageProvider.LowCodeModTarget/LOADING]: Loading LowCodeModContainer from classloader cpw.mods.modlauncher.TransformingClassLoader@615439f7 - got cpw.mods.cl.ModuleClassLoader@41f35f7c
[24Apr2025 23:54:08.189] [main/DEBUG] [net.minecraftforge.fml.lowcodemod.LowCodeModContainer/LOADING]: Creating LowCodeModContainer for incendium
[24Apr2025 23:54:08.190] [main/DEBUG] [net.minecraftforge.fml.lowcodemod.LowCodeModLanguageProvider.LowCodeModTarget/LOADING]: Loading LowCodeModContainer from classloader cpw.mods.modlauncher.TransformingClassLoader@615439f7 - got cpw.mods.cl.ModuleClassLoader@41f35f7c
[24Apr2025 23:54:08.190] [main/DEBUG] [net.minecraftforge.fml.lowcodemod.LowCodeModContainer/LOADING]: Creating LowCodeModContainer for structory
[24Apr2025 23:54:08.190] [main/DEBUG] [net.minecraftforge.fml.javafmlmod.FMLJavaModLanguageProvider/LOADING]: Loading FMLModContainer from classloader cpw.mods.modlauncher.TransformingClassLoader@615439f7 - got cpw.mods.cl.ModuleClassLoader@41f35f7c
[24Apr2025 23:54:08.190] [main/DEBUG] [net.minecraftforge.fml.javafmlmod.FMLModContainer/LOADING]: Creating FMLModContainer instance for xaero.map.WorldMapForge
[24Apr2025 23:54:08.191] [main/DEBUG] [net.minecraftforge.fml.javafmlmod.FMLJavaModLanguageProvider/LOADING]: Loading FMLModContainer from classloader cpw.mods.modlauncher.TransformingClassLoader@615439f7 - got cpw.mods.cl.ModuleClassLoader@41f35f7c
[24Apr2025 23:54:08.191] [main/DEBUG] [net.minecraftforge.fml.javafmlmod.FMLModContainer/LOADING]: Creating FMLModContainer instance for dev.hexnowloading.dungeonnowloading.DNLForge
[24Apr2025 23:54:08.192] [main/DEBUG] [net.minecraftforge.fml.javafmlmod.FMLJavaModLanguageProvider/LOADING]: Loading FMLModContainer from classloader cpw.mods.modlauncher.TransformingClassLoader@615439f7 - got cpw.mods.cl.ModuleClassLoader@41f35f7c
[24Apr2025 23:54:08.192] [main/DEBUG] [net.minecraftforge.fml.javafmlmod.FMLModContainer/LOADING]: Creating FMLModContainer instance for nonamecrackers2.crackerslib.CrackersLib
[24Apr2025 23:54:08.192] [main/DEBUG] [net.minecraftforge.fml.javafmlmod.FMLJavaModLanguageProvider/LOADING]: Loading FMLModContainer from classloader cpw.mods.modlauncher.TransformingClassLoader@615439f7 - got cpw.mods.cl.ModuleClassLoader@41f35f7c
[24Apr2025 23:54:08.193] [main/DEBUG] [net.minecraftforge.fml.javafmlmod.FMLModContainer/LOADING]: Creating FMLModContainer instance for com.llamalad7.mixinextras.platform.forge.MixinExtrasMod
[24Apr2025 23:54:08.193] [main/DEBUG] [net.minecraftforge.fml.javafmlmod.FMLJavaModLanguageProvider/LOADING]: Loading FMLModContainer from classloader cpw.mods.modlauncher.TransformingClassLoader@615439f7 - got cpw.mods.cl.ModuleClassLoader@41f35f7c
[24Apr2025 23:54:08.193] [main/DEBUG] [net.minecraftforge.fml.javafmlmod.FMLModContainer/LOADING]: Creating FMLModContainer instance for xiroc.dungeoncrawl.DungeonCrawl
[24Apr2025 23:54:08.194] [main/DEBUG] [net.minecraftforge.fml.javafmlmod.FMLJavaModLanguageProvider/LOADING]: Loading FMLModContainer from classloader cpw.mods.modlauncher.TransformingClassLoader@615439f7 - got cpw.mods.cl.ModuleClassLoader@41f35f7c
[24Apr2025 23:54:08.194] [main/DEBUG] [net.minecraftforge.fml.javafmlmod.FMLModContainer/LOADING]: Creating FMLModContainer instance for glitchcore.forge.GlitchCoreForge
[24Apr2025 23:54:08.194] [main/DEBUG] [net.minecraftforge.fml.javafmlmod.FMLJavaModLanguageProvider/LOADING]: Loading FMLModContainer from classloader cpw.mods.modlauncher.TransformingClassLoader@615439f7 - got cpw.mods.cl.ModuleClassLoader@41f35f7c
[24Apr2025 23:54:08.194] [main/DEBUG] [net.minecraftforge.fml.javafmlmod.FMLModContainer/LOADING]: Creating FMLModContainer instance for net.blay09.mods.balm.forge.ForgeBalm
[24Apr2025 23:54:08.195] [main/DEBUG] [net.minecraftforge.fml.lowcodemod.LowCodeModLanguageProvider.LowCodeModTarget/LOADING]: Loading LowCodeModContainer from classloader cpw.mods.modlauncher.TransformingClassLoader@615439f7 - got cpw.mods.cl.ModuleClassLoader@41f35f7c
[24Apr2025 23:54:08.195] [main/DEBUG] [net.minecraftforge.fml.lowcodemod.LowCodeModContainer/LOADING]: Creating LowCodeModContainer for terralith
[24Apr2025 23:54:08.195] [main/DEBUG] [net.minecraftforge.fml.javafmlmod.FMLJavaModLanguageProvider/LOADING]: Loading FMLModContainer from classloader cpw.mods.modlauncher.TransformingClassLoader@615439f7 - got cpw.mods.cl.ModuleClassLoader@41f35f7c
[24Apr2025 23:54:08.195] [main/DEBUG] [net.minecraftforge.fml.javafmlmod.FMLModContainer/LOADING]: Creating FMLModContainer instance for tschipp.carryon.CarryOnForge
[24Apr2025 23:54:08.195] [main/DEBUG] [net.minecraftforge.fml.javafmlmod.FMLJavaModLanguageProvider/LOADING]: Loading FMLModContainer from classloader cpw.mods.modlauncher.TransformingClassLoader@615439f7 - got cpw.mods.cl.ModuleClassLoader@41f35f7c
[24Apr2025 23:54:08.195] [main/DEBUG] [net.minecraftforge.fml.javafmlmod.FMLModContainer/LOADING]: Creating FMLModContainer instance for net.aurelj.dungeons_arise_seven_seas.DungeonsAriseSevenSeasMain
[24Apr2025 23:54:08.196] [main/DEBUG] [net.minecraftforge.fml.javafmlmod.FMLJavaModLanguageProvider/LOADING]: Loading FMLModContainer from classloader cpw.mods.modlauncher.TransformingClassLoader@615439f7 - got cpw.mods.cl.ModuleClassLoader@41f35f7c
[24Apr2025 23:54:08.196] [main/DEBUG] [net.minecraftforge.fml.javafmlmod.FMLModContainer/LOADING]: Creating FMLModContainer instance for net.minecraftforge.common.ForgeMod
[24Apr2025 23:54:08.199] [main/DEBUG] [net.minecraftforge.fml.javafmlmod.FMLJavaModLanguageProvider/LOADING]: Loading FMLModContainer from classloader cpw.mods.modlauncher.TransformingClassLoader@615439f7 - got cpw.mods.cl.ModuleClassLoader@41f35f7c
[24Apr2025 23:54:08.199] [main/DEBUG] [net.minecraftforge.fml.javafmlmod.FMLModContainer/LOADING]: Creating FMLModContainer instance for twilightforest.TwilightForestMod
[24Apr2025 23:54:08.200] [main/DEBUG] [net.minecraftforge.fml.javafmlmod.FMLJavaModLanguageProvider/LOADING]: Loading FMLModContainer from classloader cpw.mods.modlauncher.TransformingClassLoader@615439f7 - got cpw.mods.cl.ModuleClassLoader@41f35f7c
[24Apr2025 23:54:08.201] [main/DEBUG] [net.minecraftforge.fml.javafmlmod.FMLModContainer/LOADING]: Creating FMLModContainer instance for net.mehvahdjukaar.supplementaries.forge.SupplementariesForge
[24Apr2025 23:54:08.201] [main/DEBUG] [net.minecraftforge.fml.javafmlmod.FMLJavaModLanguageProvider/LOADING]: Loading FMLModContainer from classloader cpw.mods.modlauncher.TransformingClassLoader@615439f7 - got cpw.mods.cl.ModuleClassLoader@41f35f7c
[24Apr2025 23:54:08.201] [main/DEBUG] [net.minecraftforge.fml.javafmlmod.FMLModContainer/LOADING]: Creating FMLModContainer instance for de.ellpeck.prettypipes.PrettyPipes
[24Apr2025 23:54:08.202] [main/DEBUG] [net.minecraftforge.fml.javafmlmod.FMLJavaModLanguageProvider/LOADING]: Loading FMLModContainer from classloader cpw.mods.modlauncher.TransformingClassLoader@615439f7 - got cpw.mods.cl.ModuleClassLoader@41f35f7c
[24Apr2025 23:54:08.202] [main/DEBUG] [net.minecraftforge.fml.javafmlmod.FMLModContainer/LOADING]: Creating FMLModContainer instance for com.legacy.structure_gel.core.StructureGelMod
[24Apr2025 23:54:08.202] [main/DEBUG] [net.minecraftforge.fml.javafmlmod.FMLJavaModLanguageProvider/LOADING]: Loading FMLModContainer from classloader cpw.mods.modlauncher.TransformingClassLoader@615439f7 - got cpw.mods.cl.ModuleClassLoader@41f35f7c
[24Apr2025 23:54:08.202] [main/DEBUG] [net.minecraftforge.fml.javafmlmod.FMLModContainer/LOADING]: Creating FMLModContainer instance for de.maxhenkel.corpse.Main
[24Apr2025 23:54:08.203] [main/DEBUG] [net.minecraftforge.fml.javafmlmod.FMLJavaModLanguageProvider/LOADING]: Loading FMLModContainer from classloader cpw.mods.modlauncher.TransformingClassLoader@615439f7 - got cpw.mods.cl.ModuleClassLoader@41f35f7c
[24Apr2025 23:54:08.203] [main/DEBUG] [net.minecraftforge.fml.javafmlmod.FMLModContainer/LOADING]: Creating FMLModContainer instance for net.aurelj.dungeons_arise.DungeonsAriseMain
[24Apr2025 23:54:08.204] [main/DEBUG] [net.minecraftforge.fml.javafmlmod.FMLJavaModLanguageProvider/LOADING]: Loading FMLModContainer from classloader cpw.mods.modlauncher.TransformingClassLoader@615439f7 - got cpw.mods.cl.ModuleClassLoader@41f35f7c
[24Apr2025 23:54:08.204] [main/DEBUG] [net.minecraftforge.fml.javafmlmod.FMLModContainer/LOADING]: Creating FMLModContainer instance for atistructures.AtiStructuresvMod
[24Apr2025 23:54:08.205] [main/DEBUG] [net.minecraftforge.fml.javafmlmod.FMLJavaModLanguageProvider/LOADING]: Loading FMLModContainer from classloader cpw.mods.modlauncher.TransformingClassLoader@615439f7 - got cpw.mods.cl.ModuleClassLoader@41f35f7c
[24Apr2025 23:54:08.205] [main/DEBUG] [net.minecraftforge.fml.javafmlmod.FMLModContainer/LOADING]: Creating FMLModContainer instance for terrablender.core.TerraBlenderForge
[24Apr2025 23:54:08.205] [main/DEBUG] [net.minecraftforge.fml.javafmlmod.FMLJavaModLanguageProvider/LOADING]: Loading FMLModContainer from classloader cpw.mods.modlauncher.TransformingClassLoader@615439f7 - got cpw.mods.cl.ModuleClassLoader@41f35f7c
[24Apr2025 23:54:08.205] [main/DEBUG] [net.minecraftforge.fml.javafmlmod.FMLModContainer/LOADING]: Creating FMLModContainer instance for net.mehvahdjukaar.moonlight.forge.MoonlightForge
[24Apr2025 23:54:08.206] [main/DEBUG] [net.minecraftforge.fml.javafmlmod.FMLJavaModLanguageProvider/LOADING]: Loading FMLModContainer from classloader cpw.mods.modlauncher.TransformingClassLoader@615439f7 - got cpw.mods.cl.ModuleClassLoader@41f35f7c
[24Apr2025 23:54:08.206] [main/DEBUG] [net.minecraftforge.fml.javafmlmod.FMLModContainer/LOADING]: Creating FMLModContainer instance for biomesoplenty.forge.core.BiomesOPlentyForge
[24Apr2025 23:54:08.206] [main/DEBUG] [net.minecraftforge.fml.javafmlmod.FMLJavaModLanguageProvider/LOADING]: Loading FMLModContainer from classloader cpw.mods.modlauncher.TransformingClassLoader@615439f7 - got cpw.mods.cl.ModuleClassLoader@41f35f7c
[24Apr2025 23:54:08.206] [main/DEBUG] [net.minecraftforge.fml.javafmlmod.FMLModContainer/LOADING]: Creating FMLModContainer instance for com.bawnorton.mixinsquared.platform.forge.MixinSquaredMod
[24Apr2025 23:54:08.207] [main/DEBUG] [net.minecraftforge.fml.javafmlmod.FMLJavaModLanguageProvider/LOADING]: Loading FMLModContainer from classloader cpw.mods.modlauncher.TransformingClassLoader@615439f7 - got cpw.mods.cl.ModuleClassLoader@41f35f7c
[24Apr2025 23:54:08.207] [main/DEBUG] [net.minecraftforge.fml.javafmlmod.FMLModContainer/LOADING]: Creating FMLModContainer instance for snownee.jade.util.CommonProxy
[24Apr2025 23:54:08.208] [main/DEBUG] [net.minecraftforge.fml.javafmlmod.FMLJavaModLanguageProvider/LOADING]: Loading FMLModContainer from classloader cpw.mods.modlauncher.TransformingClassLoader@615439f7 - got cpw.mods.cl.ModuleClassLoader@41f35f7c
[24Apr2025 23:54:08.208] [main/DEBUG] [net.minecraftforge.fml.javafmlmod.FMLModContainer/LOADING]: Creating FMLModContainer instance for com.obscuria.tooltips.ObscureTooltips
[24Apr2025 23:54:08.209] [main/DEBUG] [net.minecraftforge.fml.lowcodemod.LowCodeModLanguageProvider.LowCodeModTarget/LOADING]: Loading LowCodeModContainer from classloader cpw.mods.modlauncher.TransformingClassLoader@615439f7 - got cpw.mods.cl.ModuleClassLoader@41f35f7c
[24Apr2025 23:54:08.209] [main/DEBUG] [net.minecraftforge.fml.lowcodemod.LowCodeModContainer/LOADING]: Creating LowCodeModContainer for mr_dungeons_andtavernsstrongholdrework
[24Apr2025 23:54:08.209] [main/DEBUG] [net.minecraftforge.fml.javafmlmod.FMLJavaModLanguageProvider/LOADING]: Loading FMLModContainer from classloader cpw.mods.modlauncher.TransformingClassLoader@615439f7 - got cpw.mods.cl.ModuleClassLoader@41f35f7c
[24Apr2025 23:54:08.209] [main/DEBUG] [net.minecraftforge.fml.javafmlmod.FMLModContainer/LOADING]: Creating FMLModContainer instance for io.github.ohponopono.hoporp.HopoRPMod
[24Apr2025 23:54:08.209] [main/DEBUG] [net.minecraftforge.fml.javafmlmod.FMLJavaModLanguageProvider/LOADING]: Loading FMLModContainer from classloader cpw.mods.modlauncher.TransformingClassLoader@615439f7 - got cpw.mods.cl.ModuleClassLoader@41f35f7c
[24Apr2025 23:54:08.209] [main/DEBUG] [net.minecraftforge.fml.javafmlmod.FMLModContainer/LOADING]: Creating FMLModContainer instance for com.ldtteam.cleanswing.CleanSwing
[24Apr2025 23:54:08.210] [main/DEBUG] [net.minecraftforge.fml.javafmlmod.FMLJavaModLanguageProvider/LOADING]: Loading FMLModContainer from classloader cpw.mods.modlauncher.TransformingClassLoader@615439f7 - got cpw.mods.cl.ModuleClassLoader@41f35f7c
[24Apr2025 23:54:08.210] [main/DEBUG] [net.minecraftforge.fml.javafmlmod.FMLModContainer/LOADING]: Creating FMLModContainer instance for com.natamus.noanimaltemptdelay.ModForge
[24Apr2025 23:54:08.210] [main/DEBUG] [net.minecraftforge.fml.javafmlmod.FMLJavaModLanguageProvider/LOADING]: Loading FMLModContainer from classloader cpw.mods.modlauncher.TransformingClassLoader@615439f7 - got cpw.mods.cl.ModuleClassLoader@41f35f7c
[24Apr2025 23:54:08.210] [main/DEBUG] [net.minecraftforge.fml.javafmlmod.FMLModContainer/LOADING]: Creating FMLModContainer instance for com.barion.dungeons_enhanced.DungeonsEnhanced
[24Apr2025 23:54:08.211] [main/DEBUG] [net.minecraftforge.fml.javafmlmod.FMLJavaModLanguageProvider/LOADING]: Loading FMLModContainer from classloader cpw.mods.modlauncher.TransformingClassLoader@615439f7 - got cpw.mods.cl.ModuleClassLoader@41f35f7c
[24Apr2025 23:54:08.211] [main/DEBUG] [net.minecraftforge.fml.javafmlmod.FMLModContainer/LOADING]: Creating FMLModContainer instance for mod.acats.fromanotherworld.forge.FromAnotherWorldForge
[24Apr2025 23:54:08.211] [main/DEBUG] [net.minecraftforge.fml.javafmlmod.FMLJavaModLanguageProvider/LOADING]: Loading FMLModContainer from classloader cpw.mods.modlauncher.TransformingClassLoader@615439f7 - got cpw.mods.cl.ModuleClassLoader@41f35f7c
[24Apr2025 23:54:08.211] [main/DEBUG] [net.minecraftforge.fml.javafmlmod.FMLModContainer/LOADING]: Creating FMLModContainer instance for mod.azure.azurelib.NeoForgeAzureLibMod
[24Apr2025 23:54:08.212] [main/DEBUG] [net.minecraftforge.fml.javafmlmod.FMLJavaModLanguageProvider/LOADING]: Loading FMLModContainer from classloader cpw.mods.modlauncher.TransformingClassLoader@615439f7 - got cpw.mods.cl.ModuleClassLoader@41f35f7c
[24Apr2025 23:54:08.212] [main/DEBUG] [net.minecraftforge.fml.javafmlmod.FMLModContainer/LOADING]: Creating FMLModContainer instance for xaero.minimap.XaeroMinimapForge
[24Apr2025 23:54:08.214] [main/DEBUG] [net.minecraftforge.fml.javafmlmod.FMLJavaModLanguageProvider/LOADING]: Loading FMLModContainer from classloader cpw.mods.modlauncher.TransformingClassLoader@615439f7 - got cpw.mods.cl.ModuleClassLoader@41f35f7c
[24Apr2025 23:54:08.214] [main/DEBUG] [net.minecraftforge.fml.javafmlmod.FMLModContainer/LOADING]: Creating FMLModContainer instance for com.natamus.collective.CollectiveForge
[24Apr2025 23:54:08.214] [main/DEBUG] [net.minecraftforge.fml.javafmlmod.FMLJavaModLanguageProvider/LOADING]: Loading FMLModContainer from classloader cpw.mods.modlauncher.TransformingClassLoader@615439f7 - got cpw.mods.cl.ModuleClassLoader@41f35f7c
[24Apr2025 23:54:08.214] [main/DEBUG] [net.minecraftforge.fml.javafmlmod.FMLModContainer/LOADING]: Creating FMLModContainer instance for de.maxhenkel.camera.Main
[24Apr2025 23:54:08.215] [main/DEBUG] [net.minecraftforge.fml.javafmlmod.FMLJavaModLanguageProvider/LOADING]: Loading FMLModContainer from classloader cpw.mods.modlauncher.TransformingClassLoader@615439f7 - got cpw.mods.cl.ModuleClassLoader@41f35f7c
[24Apr2025 23:54:08.215] [main/DEBUG] [net.minecraftforge.fml.javafmlmod.FMLModContainer/LOADING]: Creating FMLModContainer instance for com.autovw.advancednetherite.AdvancedNetheriteForge
[24Apr2025 23:54:08.216] [main/DEBUG] [net.minecraftforge.fml.javafmlmod.FMLJavaModLanguageProvider/LOADING]: Loading FMLModContainer from classloader cpw.mods.modlauncher.TransformingClassLoader@615439f7 - got cpw.mods.cl.ModuleClassLoader@41f35f7c
[24Apr2025 23:54:08.216] [main/DEBUG] [net.minecraftforge.fml.javafmlmod.FMLModContainer/LOADING]: Creating FMLModContainer instance for com.jaquadro.minecraft.storagedrawers.StorageDrawers
[24Apr2025 23:54:08.217] [main/DEBUG] [net.minecraftforge.fml.javafmlmod.FMLJavaModLanguageProvider/LOADING]: Loading FMLModContainer from classloader cpw.mods.modlauncher.TransformingClassLoader@615439f7 - got cpw.mods.cl.ModuleClassLoader@41f35f7c
[24Apr2025 23:54:08.217] [main/DEBUG] [net.minecraftforge.fml.javafmlmod.FMLModContainer/LOADING]: Creating FMLModContainer instance for com.mrbysco.measurements.MeasurementsForge
[24Apr2025 23:54:08.217] [main/DEBUG] [net.minecraftforge.fml.lowcodemod.LowCodeModLanguageProvider.LowCodeModTarget/LOADING]: Loading LowCodeModContainer from classloader cpw.mods.modlauncher.TransformingClassLoader@615439f7 - got cpw.mods.cl.ModuleClassLoader@41f35f7c
[24Apr2025 23:54:08.217] [main/DEBUG] [net.minecraftforge.fml.lowcodemod.LowCodeModContainer/LOADING]: Creating LowCodeModContainer for mr_dungeons_andtaverns
[24Apr2025 23:54:08.217] [main/DEBUG] [net.minecraftforge.fml.javafmlmod.FMLJavaModLanguageProvider/LOADING]: Loading FMLModContainer from classloader cpw.mods.modlauncher.TransformingClassLoader@615439f7 - got cpw.mods.cl.ModuleClassLoader@41f35f7c
[24Apr2025 23:54:08.217] [main/DEBUG] [net.minecraftforge.fml.javafmlmod.FMLModContainer/LOADING]: Creating FMLModContainer instance for nonamecrackers2.witherstormmod.WitherStormMod
[24Apr2025 23:54:08.218] [main/DEBUG] [net.minecraftforge.fml.javafmlmod.FMLJavaModLanguageProvider/LOADING]: Loading FMLModContainer from classloader cpw.mods.modlauncher.TransformingClassLoader@615439f7 - got cpw.mods.cl.ModuleClassLoader@41f35f7c
[24Apr2025 23:54:08.218] [main/DEBUG] [net.minecraftforge.fml.javafmlmod.FMLModContainer/LOADING]: Creating FMLModContainer instance for com.Harbinger.Spore.Spore
[24Apr2025 23:54:08.219] [main/DEBUG] [net.minecraftforge.fml.javafmlmod.FMLJavaModLanguageProvider/LOADING]: Loading FMLModContainer from classloader cpw.mods.modlauncher.TransformingClassLoader@615439f7 - got cpw.mods.cl.ModuleClassLoader@41f35f7c
[24Apr2025 23:54:08.219] [main/DEBUG] [net.minecraftforge.fml.javafmlmod.FMLModContainer/LOADING]: Creating FMLModContainer instance for mod.acats.fromanotherlibrary.FromAnotherLibraryForge
[24Apr2025 23:54:08.219] [main/DEBUG] [net.minecraftforge.fml.javafmlmod.FMLJavaModLanguageProvider/LOADING]: Loading FMLModContainer from classloader cpw.mods.modlauncher.TransformingClassLoader@615439f7 - got cpw.mods.cl.ModuleClassLoader@41f35f7c
[24Apr2025 23:54:08.219] [main/DEBUG] [net.minecraftforge.fml.javafmlmod.FMLModContainer/LOADING]: Creating FMLModContainer instance for extradungeons.ExtraDungeonsMod
[24Apr2025 23:54:08.220] [main/DEBUG] [net.minecraftforge.fml.javafmlmod.FMLJavaModLanguageProvider/LOADING]: Loading FMLModContainer from classloader cpw.mods.modlauncher.TransformingClassLoader@615439f7 - got cpw.mods.cl.ModuleClassLoader@41f35f7c
[24Apr2025 23:54:08.220] [main/DEBUG] [net.minecraftforge.fml.javafmlmod.FMLModContainer/LOADING]: Creating FMLModContainer instance for fr.rakambda.fallingtree.forge.FallingTree
[24Apr2025 23:54:08.231] [modloading-worker-0/DEBUG] [net.minecraftforge.fml.javafmlmod.AutomaticEventSubscriber/LOADING]: Attempting to inject @EventBusSubscriber classes into the eventbus for totw_modded
[24Apr2025 23:54:08.232] [modloading-worker-0/DEBUG] [net.minecraftforge.fml.javafmlmod.AutomaticEventSubscriber/LOADING]: Attempting to inject @EventBusSubscriber classes into the eventbus for kuma_api
[24Apr2025 23:54:08.255] [modloading-worker-0/DEBUG] [net.minecraftforge.fml.javafmlmod.AutomaticEventSubscriber/LOADING]: Attempting to inject @EventBusSubscriber classes into the eventbus for exlinecopperequipment
[24Apr2025 23:54:08.262] [modloading-worker-0/DEBUG] [net.minecraftforge.fml.javafmlmod.AutomaticEventSubscriber/LOADING]: Auto-subscribing com.exline.exlinecopperequipment.CopperEquipmentMain to MOD
[24Apr2025 23:54:08.291] [modloading-worker-0/DEBUG] [xaero.map.WorldMap/]: Loaded xaero.map.platform.services.ForgePlatformHelper@8726ccd for service interface xaero.map.platform.services.IPlatformHelper
[24Apr2025 23:54:08.312] [modloading-worker-0/DEBUG] [net.minecraftforge.fml.config.ConfigTracker/CONFIG]: Config file crackerslib-client.toml for crackerslib tracking
[24Apr2025 23:54:08.318] [modloading-worker-0/DEBUG] [net.minecraftforge.fml.javafmlmod.AutomaticEventSubscriber/LOADING]: Attempting to inject @EventBusSubscriber classes into the eventbus for crackerslib
[24Apr2025 23:54:08.319] [modloading-worker-0/DEBUG] [net.minecraftforge.fml.javafmlmod.AutomaticEventSubscriber/LOADING]: Attempting to inject @EventBusSubscriber classes into the eventbus for mixinextras
[24Apr2025 23:54:08.322] [modloading-worker-0/INFO] [Dungeon Crawl/]: Here we go! Launching Dungeon Crawl 2.3.15...
[24Apr2025 23:54:08.325] [modloading-worker-0/DEBUG] [mixin/]: Mixing ReloadableServerResourcesMixin from balm.mixins.json into net.minecraft.server.ReloadableServerResources
[24Apr2025 23:54:08.326] [modloading-worker-0/DEBUG] [mixin/]: Renaming synthetic method lambda$loadResources$0(Lnet/minecraft/server/ReloadableServerResources;)V to mdbf7c5d$lambda$loadResources$0$0 in balm.mixins.json:ReloadableServerResourcesMixin
[24Apr2025 23:54:08.338] [modloading-worker-0/DEBUG] [net.minecraftforge.fml.javafmlmod.AutomaticEventSubscriber/LOADING]: Attempting to inject @EventBusSubscriber classes into the eventbus for dungeoncrawl
[24Apr2025 23:54:08.342] [modloading-worker-0/DEBUG] [net.minecraftforge.fml.javafmlmod.AutomaticEventSubscriber/LOADING]: Attempting to inject @EventBusSubscriber classes into the eventbus for glitchcore
[24Apr2025 23:54:08.342] [modloading-worker-0/DEBUG] [net.minecraftforge.fml.javafmlmod.AutomaticEventSubscriber/LOADING]: Auto-subscribing glitchcore.forge.handlers.VillagerTradesEventHandler to FORGE
[24Apr2025 23:54:08.350] [modloading-worker-0/DEBUG] [net.minecraftforge.fml.javafmlmod.AutomaticEventSubscriber/LOADING]: Attempting to inject @EventBusSubscriber classes into the eventbus for xaeroworldmap
[24Apr2025 23:54:08.353] [modloading-worker-0/DEBUG] [net.minecraftforge.fml.javafmlmod.AutomaticEventSubscriber/LOADING]: Auto-subscribing glitchcore.forge.handlers.TooltipEventHandler to FORGE
[24Apr2025 23:54:08.377] [modloading-worker-0/DEBUG] [net.minecraftforge.fml.javafmlmod.AutomaticEventSubscriber/LOADING]: Auto-subscribing glitchcore.forge.handlers.ToolModificationEventHandler to FORGE
[24Apr2025 23:54:08.386] [modloading-worker-0/DEBUG] [Multi Loader Template/]: Loaded dev.hexnowloading.dungeonnowloading.platform.ForgePlatformHelper@1a0cd4e0 for service interface dev.hexnowloading.dungeonnowloading.platform.services.PlatformHelper
[24Apr2025 23:54:08.388] [modloading-worker-0/DEBUG] [Multi Loader Template/]: Loaded dev.hexnowloading.dungeonnowloading.platform.ForgeConfigHelper@42b586e6 for service interface dev.hexnowloading.dungeonnowloading.platform.services.ConfigHelper
[24Apr2025 23:54:08.389] [modloading-worker-0/DEBUG] [net.minecraftforge.fml.javafmlmod.AutomaticEventSubscriber/LOADING]: Auto-subscribing glitchcore.forge.handlers.TickEventHandler to FORGE
[24Apr2025 23:54:08.399] [modloading-worker-0/DEBUG] [net.minecraftforge.fml.javafmlmod.AutomaticEventSubscriber/LOADING]: Auto-subscribing glitchcore.forge.handlers.TagsUpdatedEventHandler to FORGE
[24Apr2025 23:54:08.400] [modloading-worker-0/DEBUG] [Multi Loader Template/]: Loaded dev.hexnowloading.dungeonnowloading.platform.ForgeItemHelper@3e024aa6 for service interface dev.hexnowloading.dungeonnowloading.platform.services.ItemHelper
[24Apr2025 23:54:08.410] [modloading-worker-0/DEBUG] [net.minecraftforge.fml.javafmlmod.AutomaticEventSubscriber/LOADING]: Auto-subscribing glitchcore.forge.handlers.RegistryEventHandler to MOD
[24Apr2025 23:54:08.416] [modloading-worker-0/DEBUG] [net.minecraftforge.fml.javafmlmod.AutomaticEventSubscriber/LOADING]: Auto-subscribing glitchcore.forge.handlers.RegisterCommandsEventHandler to FORGE
[24Apr2025 23:54:08.431] [modloading-worker-0/DEBUG] [net.minecraftforge.fml.javafmlmod.AutomaticEventSubscriber/LOADING]: Auto-subscribing glitchcore.forge.handlers.PlayerLoggedInEventHandler to FORGE
[24Apr2025 23:54:08.433] [modloading-worker-0/DEBUG] [net.minecraftforge.fml.javafmlmod.AutomaticEventSubscriber/LOADING]: Auto-subscribing glitchcore.forge.handlers.InteractionEventHandler to FORGE
[24Apr2025 23:54:08.474] [modloading-worker-0/DEBUG] [net.minecraftforge.fml.config.ConfigTracker/CONFIG]: Config file dungeonnowloading-server.toml for dungeonnowloading tracking
[24Apr2025 23:54:08.475] [modloading-worker-0/DEBUG] [net.minecraftforge.fml.ModLoadingContext/]: Attempted to register an empty config for type CLIENT on mod dungeonnowloading
[24Apr2025 23:54:08.488] [modloading-worker-0/DEBUG] [Carry On/]: Loaded tschipp.carryon.platform.ForgePlatformHelper@341de30f for service interface tschipp.carryon.platform.services.IPlatformHelper
[24Apr2025 23:54:08.493] [modloading-worker-0/DEBUG] [Carry On/]: Loaded tschipp.carryon.platform.ForgeGamestagesHelper@5c4e4479 for service interface tschipp.carryon.platform.services.IGamestagePlatformHelper
[24Apr2025 23:54:08.493] [modloading-worker-0/INFO] [Dungeon Now Loading/]: Hello Forge world!
[24Apr2025 23:54:08.496] [modloading-worker-0/DEBUG] [net.minecraftforge.fml.javafmlmod.AutomaticEventSubscriber/LOADING]: Attempting to inject @EventBusSubscriber classes into the eventbus for dungeonnowloading
[24Apr2025 23:54:08.497] [modloading-worker-0/DEBUG] [net.minecraftforge.fml.javafmlmod.AutomaticEventSubscriber/LOADING]: Attempting to inject @EventBusSubscriber classes into the eventbus for dungeons_arise_seven_seas
[24Apr2025 23:54:08.517] [modloading-worker-0/DEBUG] [net.minecraftforge.fml.config.ConfigTracker/CONFIG]: Config file carryon-common.toml for carryon tracking
[24Apr2025 23:54:08.518] [modloading-worker-0/DEBUG] [net.minecraftforge.fml.config.ConfigTracker/CONFIG]: Config file carryon-client.toml for carryon tracking
[24Apr2025 23:54:08.518] [modloading-worker-0/DEBUG] [net.minecraftforge.fml.javafmlmod.AutomaticEventSubscriber/LOADING]: Attempting to inject @EventBusSubscriber classes into the eventbus for carryon
[24Apr2025 23:54:08.519] [modloading-worker-0/DEBUG] [net.minecraftforge.fml.javafmlmod.AutomaticEventSubscriber/LOADING]: Auto-subscribing tschipp.carryon.CarryOnForge to MOD
[24Apr2025 23:54:08.519] [modloading-worker-0/DEBUG] [net.minecraftforge.fml.javafmlmod.AutomaticEventSubscriber/LOADING]: Auto-subscribing tschipp.carryon.events.CommonEvents to FORGE
[24Apr2025 23:54:08.523] [modloading-worker-0/DEBUG] [net.minecraftforge.versions.forge.ForgeVersion/CORE]: Forge Version package package net.minecraftforge.versions.forge, Forge, version 47.3 from cpw.mods.modlauncher.TransformingClassLoader@615439f7
[24Apr2025 23:54:08.523] [modloading-worker-0/DEBUG] [net.minecraftforge.versions.forge.ForgeVersion/CORE]: Found Forge version 47.3.7
[24Apr2025 23:54:08.523] [modloading-worker-0/DEBUG] [net.minecraftforge.versions.forge.ForgeVersion/CORE]: Found Forge spec 47.3
[24Apr2025 23:54:08.524] [modloading-worker-0/DEBUG] [net.minecraftforge.versions.forge.ForgeVersion/CORE]: Found Forge group net.minecraftforge
[24Apr2025 23:54:08.525] [modloading-worker-0/DEBUG] [net.minecraftforge.versions.mcp.MCPVersion/CORE]: MCP Version package package net.minecraftforge.versions.mcp, Minecraft, version 1.20.1 from cpw.mods.modlauncher.TransformingClassLoader@615439f7
[24Apr2025 23:54:08.525] [modloading-worker-0/DEBUG] [net.minecraftforge.versions.mcp.MCPVersion/CORE]: Found MC version information 1.20.1
[24Apr2025 23:54:08.525] [modloading-worker-0/DEBUG] [net.minecraftforge.versions.mcp.MCPVersion/CORE]: Found MCP version information 20230612.114412
[24Apr2025 23:54:08.525] [modloading-worker-0/INFO] [net.minecraftforge.common.ForgeMod/FORGEMOD]: Forge mod loading, version 47.3.7, for MC 1.20.1 with MCP 20230612.114412
[24Apr2025 23:54:08.527] [modloading-worker-0/INFO] [net.minecraftforge.common.MinecraftForge/FORGE]: MinecraftForge v47.3.7 Initialized
[24Apr2025 23:54:08.534] [modloading-worker-0/DEBUG] [net.minecraftforge.coremod.transformer.CoreModBaseTransformer/COREMOD]: Transforming m_11229_ with desc (Lnet/minecraft/server/level/ServerPlayer;Lnet/minecraft/server/level/ServerLevel;)V
[24Apr2025 23:54:08.535] [modloading-worker-0/DEBUG] [net.minecraftforge.coremod.transformer.CoreModBaseTransformer/COREMOD]: Transforming m_11229_ with desc (Lnet/minecraft/server/level/ServerPlayer;Lnet/minecraft/server/level/ServerLevel;)V
[24Apr2025 23:54:08.536] [modloading-worker-0/DEBUG] [mixin/]: Mixing PlayerListMixin from balm.mixins.json into net.minecraft.server.players.PlayerList
[24Apr2025 23:54:08.536] [modloading-worker-0/DEBUG] [mixin/]: Mixing PlayerListMixin from azurelib.forge.mixins.json into net.minecraft.server.players.PlayerList
[24Apr2025 23:54:08.536] [modloading-worker-0/DEBUG] [mixin/]: Renaming synthetic method lambda$configuration_sendServerConfigs$0(Lnet/minecraft/server/level/ServerPlayer;Ljava/lang/String;)V to mdbf7c5d$lambda$configuration_sendServerConfigs$0$0 in azurelib.forge.mixins.json:PlayerListMixin
[24Apr2025 23:54:08.547] [modloading-worker-0/DEBUG] [net.minecraftforge.fml.javafmlmod.AutomaticEventSubscriber/LOADING]: Auto-subscribing tschipp.carryon.events.ModBusEvents to MOD
[24Apr2025 23:54:08.578] [modloading-worker-0/DEBUG] [net.minecraftforge.fml.config.ConfigTracker/CONFIG]: Config file twilightforest-common.toml for twilightforest tracking
[24Apr2025 23:54:08.583] [modloading-worker-0/DEBUG] [net.minecraftforge.fml.config.ConfigTracker/CONFIG]: Config file twilightforest-client.toml for twilightforest tracking
[24Apr2025 23:54:08.589] [modloading-worker-0/DEBUG] [net.minecraftforge.fml.config.ConfigTracker/CONFIG]: Config file balm-common.toml for balm tracking
[24Apr2025 23:54:08.595] [modloading-worker-0/DEBUG] [mixin/]: Mixing ConditionHackMixin from moonlight.mixins.json into net.minecraft.server.packs.resources.SimplePreparableReloadListener
[24Apr2025 23:54:08.609] [modloading-worker-0/DEBUG] [net.minecraftforge.fml.javafmlmod.AutomaticEventSubscriber/LOADING]: Attempting to inject @EventBusSubscriber classes into the eventbus for balm
[24Apr2025 23:54:08.621] [modloading-worker-0/DEBUG] [io.netty.util.internal.PlatformDependent0/]: -Dio.netty.noUnsafe: false
[24Apr2025 23:54:08.621] [modloading-worker-0/DEBUG] [io.netty.util.internal.PlatformDependent0/]: Java version: 17
[24Apr2025 23:54:08.622] [modloading-worker-0/DEBUG] [io.netty.util.internal.PlatformDependent0/]: sun.misc.Unsafe.theUnsafe: available
[24Apr2025 23:54:08.625] [modloading-worker-0/DEBUG] [io.netty.util.internal.PlatformDependent0/]: sun.misc.Unsafe.copyMemory: available
[24Apr2025 23:54:08.625] [modloading-worker-0/DEBUG] [io.netty.util.internal.PlatformDependent0/]: sun.misc.Unsafe.storeFence: available
[24Apr2025 23:54:08.628] [modloading-worker-0/DEBUG] [io.netty.util.internal.PlatformDependent0/]: java.nio.Buffer.address: available
[24Apr2025 23:54:08.629] [modloading-worker-0/DEBUG] [io.netty.util.internal.PlatformDependent0/]: direct buffer constructor: unavailable
java.lang.UnsupportedOperationException: Reflective setAccessible(true) disabled
	at io.netty.util.internal.ReflectionUtil.trySetAccessible(ReflectionUtil.java:31) ~[netty-common-4.1.82.Final.jar%2382!/:4.1.82.Final]
	at io.netty.util.internal.PlatformDependent0$5.run(PlatformDependent0.java:288) ~[netty-common-4.1.82.Final.jar%2382!/:4.1.82.Final]
	at java.security.AccessController.doPrivileged(AccessController.java:318) ~[?:?]
	at io.netty.util.internal.PlatformDependent0.<clinit>(PlatformDependent0.java:282) ~[netty-common-4.1.82.Final.jar%2382!/:4.1.82.Final]
	at io.netty.util.internal.PlatformDependent.isAndroid(PlatformDependent.java:333) ~[netty-common-4.1.82.Final.jar%2382!/:4.1.82.Final]
	at io.netty.util.internal.PlatformDependent.<clinit>(PlatformDependent.java:88) ~[netty-common-4.1.82.Final.jar%2382!/:4.1.82.Final]
	at io.netty.util.ConstantPool.<init>(ConstantPool.java:34) ~[netty-common-4.1.82.Final.jar%2382!/:4.1.82.Final]
	at io.netty.util.AttributeKey$1.<init>(AttributeKey.java:27) ~[netty-common-4.1.82.Final.jar%2382!/:4.1.82.Final]
	at io.netty.util.AttributeKey.<clinit>(AttributeKey.java:27) ~[netty-common-4.1.82.Final.jar%2382!/:4.1.82.Final]
	at net.minecraftforge.network.NetworkConstants.<clinit>(NetworkConstants.java:34) ~[forge-1.20.1-47.3.7-universal.jar%23194!/:?]
	at net.minecraftforge.common.ForgeMod.<init>(ForgeMod.java:429) ~[forge-1.20.1-47.3.7-universal.jar%23194!/:?]
	at jdk.internal.reflect.NativeConstructorAccessorImpl.newInstance0(Native Method) ~[?:?]
	at jdk.internal.reflect.NativeConstructorAccessorImpl.newInstance(NativeConstructorAccessorImpl.java:77) ~[?:?]
	at jdk.internal.reflect.DelegatingConstructorAccessorImpl.newInstance(DelegatingConstructorAccessorImpl.java:45) ~[?:?]
	at java.lang.reflect.Constructor.newInstanceWithCaller(Constructor.java:500) ~[?:?]
	at java.lang.reflect.Constructor.newInstance(Constructor.java:481) ~[?:?]
	at net.minecraftforge.fml.javafmlmod.FMLModContainer.constructMod(FMLModContainer.java:70) ~[javafmllanguage-1.20.1-47.3.7.jar%23191!/:?]
	at net.minecraftforge.fml.ModContainer.lambda$buildTransitionHandler$4(ModContainer.java:124) ~[fmlcore-1.20.1-47.3.7.jar%23190!/:?]
	at java.util.concurrent.CompletableFuture$AsyncRun.run(CompletableFuture.java:1804) ~[?:?]
	at java.util.concurrent.CompletableFuture$AsyncRun.exec(CompletableFuture.java:1796) ~[?:?]
	at java.util.concurrent.ForkJoinTask.doExec(ForkJoinTask.java:373) ~[?:?]
	at java.util.concurrent.ForkJoinPool$WorkQueue.topLevelExec(ForkJoinPool.java:1182) ~[?:?]
	at java.util.concurrent.ForkJoinPool.scan(ForkJoinPool.java:1655) ~[?:?]
	at java.util.concurrent.ForkJoinPool.runWorker(ForkJoinPool.java:1622) ~[?:?]
	at java.util.concurrent.ForkJoinWorkerThread.run(ForkJoinWorkerThread.java:165) ~[?:?]
[24Apr2025 23:54:08.630] [modloading-worker-0/DEBUG] [io.netty.util.internal.PlatformDependent0/]: java.nio.Bits.unaligned: available, true
[24Apr2025 23:54:08.627] [modloading-worker-0/DEBUG] [net.minecraftforge.fml.javafmlmod.AutomaticEventSubscriber/LOADING]: Attempting to inject @EventBusSubscriber classes into the eventbus for stalwart_dungeons
[24Apr2025 23:54:08.631] [modloading-worker-0/DEBUG] [net.minecraftforge.fml.javafmlmod.AutomaticEventSubscriber/LOADING]: Auto-subscribing net.mcreator.stalwartdungeons.procedures.ShulkerCannonShootProcedure to FORGE
[24Apr2025 23:54:08.633] [modloading-worker-0/DEBUG] [net.minecraftforge.fml.javafmlmod.AutomaticEventSubscriber/LOADING]: Auto-subscribing net.mcreator.stalwartdungeons.procedures.SdShieldPrProcedure to FORGE
[24Apr2025 23:54:08.634] [modloading-worker-0/DEBUG] [io.netty.util.internal.PlatformDependent0/]: jdk.internal.misc.Unsafe.allocateUninitializedArray(int): unavailable
java.lang.IllegalAccessException: class io.netty.util.internal.PlatformDependent0$7 (in module io.netty.common) cannot access class jdk.internal.misc.Unsafe (in module java.base) because module java.base does not export jdk.internal.misc to module io.netty.common
	at jdk.internal.reflect.Reflection.newIllegalAccessException(Reflection.java:392) ~[?:?]
	at java.lang.reflect.AccessibleObject.checkAccess(AccessibleObject.java:674) ~[?:?]
	at java.lang.reflect.Method.invoke(Method.java:561) ~[?:?]
	at io.netty.util.internal.PlatformDependent0$7.run(PlatformDependent0.java:410) ~[netty-common-4.1.82.Final.jar%2382!/:4.1.82.Final]
	at java.security.AccessController.doPrivileged(AccessController.java:318) ~[?:?]
	at io.netty.util.internal.PlatformDependent0.<clinit>(PlatformDependent0.java:401) ~[netty-common-4.1.82.Final.jar%2382!/:4.1.82.Final]
	at io.netty.util.internal.PlatformDependent.isAndroid(PlatformDependent.java:333) ~[netty-common-4.1.82.Final.jar%2382!/:4.1.82.Final]
	at io.netty.util.internal.PlatformDependent.<clinit>(PlatformDependent.java:88) ~[netty-common-4.1.82.Final.jar%2382!/:4.1.82.Final]
	at io.netty.util.ConstantPool.<init>(ConstantPool.java:34) ~[netty-common-4.1.82.Final.jar%2382!/:4.1.82.Final]
	at io.netty.util.AttributeKey$1.<init>(AttributeKey.java:27) ~[netty-common-4.1.82.Final.jar%2382!/:4.1.82.Final]
	at io.netty.util.AttributeKey.<clinit>(AttributeKey.java:27) ~[netty-common-4.1.82.Final.jar%2382!/:4.1.82.Final]
	at net.minecraftforge.network.NetworkConstants.<clinit>(NetworkConstants.java:34) ~[forge-1.20.1-47.3.7-universal.jar%23194!/:?]
	at net.minecraftforge.common.ForgeMod.<init>(ForgeMod.java:429) ~[forge-1.20.1-47.3.7-universal.jar%23194!/:?]
	at jdk.internal.reflect.NativeConstructorAccessorImpl.newInstance0(Native Method) ~[?:?]
	at jdk.internal.reflect.NativeConstructorAccessorImpl.newInstance(NativeConstructorAccessorImpl.java:77) ~[?:?]
	at jdk.internal.reflect.DelegatingConstructorAccessorImpl.newInstance(DelegatingConstructorAccessorImpl.java:45) ~[?:?]
	at java.lang.reflect.Constructor.newInstanceWithCaller(Constructor.java:500) ~[?:?]
	at java.lang.reflect.Constructor.newInstance(Constructor.java:481) ~[?:?]
	at net.minecraftforge.fml.javafmlmod.FMLModContainer.constructMod(FMLModContainer.java:70) ~[javafmllanguage-1.20.1-47.3.7.jar%23191!/:?]
	at net.minecraftforge.fml.ModContainer.lambda$buildTransitionHandler$4(ModContainer.java:124) ~[fmlcore-1.20.1-47.3.7.jar%23190!/:?]
	at java.util.concurrent.CompletableFuture$AsyncRun.run(CompletableFuture.java:1804) ~[?:?]
	at java.util.concurrent.CompletableFuture$AsyncRun.exec(CompletableFuture.java:1796) ~[?:?]
	at java.util.concurrent.ForkJoinTask.doExec(ForkJoinTask.java:373) ~[?:?]
	at java.util.concurrent.ForkJoinPool$WorkQueue.topLevelExec(ForkJoinPool.java:1182) ~[?:?]
	at java.util.concurrent.ForkJoinPool.scan(ForkJoinPool.java:1655) ~[?:?]
	at java.util.concurrent.ForkJoinPool.runWorker(ForkJoinPool.java:1622) ~[?:?]
	at java.util.concurrent.ForkJoinWorkerThread.run(ForkJoinWorkerThread.java:165) ~[?:?]
[24Apr2025 23:54:08.636] [modloading-worker-0/DEBUG] [io.netty.util.internal.PlatformDependent0/]: java.nio.DirectByteBuffer.<init>(long, int): unavailable
[24Apr2025 23:54:08.635] [modloading-worker-0/DEBUG] [net.minecraftforge.fml.javafmlmod.AutomaticEventSubscriber/LOADING]: Auto-subscribing net.mcreator.stalwartdungeons.init.StalwartDungeonsModTabs to MOD
[24Apr2025 23:54:08.639] [modloading-worker-0/DEBUG] [net.minecraftforge.fml.javafmlmod.AutomaticEventSubscriber/LOADING]: Auto-subscribing net.mcreator.stalwartdungeons.init.StalwartDungeonsModFeatures to FORGE
[24Apr2025 23:54:08.639] [modloading-worker-0/DEBUG] [io.netty.util.internal.PlatformDependent/]: sun.misc.Unsafe: available
[24Apr2025 23:54:08.641] [modloading-worker-0/DEBUG] [io.netty.util.internal.PlatformDependent/]: maxDirectMemory: 12884901888 bytes (maybe)
[24Apr2025 23:54:08.641] [modloading-worker-0/DEBUG] [io.netty.util.internal.PlatformDependent/]: -Dio.netty.tmpdir: /tmp (java.io.tmpdir)
[24Apr2025 23:54:08.641] [modloading-worker-0/DEBUG] [io.netty.util.internal.PlatformDependent/]: -Dio.netty.bitMode: 64 (sun.arch.data.model)
[24Apr2025 23:54:08.642] [modloading-worker-0/DEBUG] [io.netty.util.internal.PlatformDependent/]: -Dio.netty.maxDirectMemory: -1 bytes
[24Apr2025 23:54:08.642] [modloading-worker-0/DEBUG] [io.netty.util.internal.PlatformDependent/]: -Dio.netty.uninitializedArrayAllocationThreshold: -1
[24Apr2025 23:54:08.642] [modloading-worker-0/DEBUG] [net.minecraftforge.fml.javafmlmod.AutomaticEventSubscriber/LOADING]: Auto-subscribing net.mcreator.stalwartdungeons.init.StalwartDungeonsModEntities to MOD
[24Apr2025 23:54:08.649] [modloading-worker-0/DEBUG] [io.netty.util.internal.CleanerJava9/]: java.nio.ByteBuffer.cleaner(): available
[24Apr2025 23:54:08.649] [modloading-worker-0/DEBUG] [io.netty.util.internal.PlatformDependent/]: -Dio.netty.noPreferDirect: false
[24Apr2025 23:54:08.659] [modloading-worker-0/DEBUG] [net.minecraftforge.fml.javafmlmod.AutomaticEventSubscriber/LOADING]: Attempting to inject @EventBusSubscriber classes into the eventbus for prettypipes
[24Apr2025 23:54:08.662] [modloading-worker-0/DEBUG] [net.minecraftforge.fml.javafmlmod.AutomaticEventSubscriber/LOADING]: Auto-subscribing de.ellpeck.prettypipes.misc.Events to FORGE
[24Apr2025 23:54:08.665] [modloading-worker-0/DEBUG] [net.minecraftforge.fml.javafmlmod.AutomaticEventSubscriber/LOADING]: Auto-subscribing de.ellpeck.prettypipes.Registry to MOD
[24Apr2025 23:54:08.679] [modloading-worker-0/DEBUG] [net.minecraftforge.fml.config.ConfigTracker/CONFIG]: Config file structure_gel-common.toml for structure_gel tracking
[24Apr2025 23:54:08.707] [modloading-worker-0/DEBUG] [net.minecraftforge.common.ForgeMod/FORGEMOD]: Loading Network data for FML net version: FML3
[24Apr2025 23:54:08.719] [modloading-worker-0/DEBUG] [net.minecraftforge.fml.config.ConfigTracker/CONFIG]: Config file supplementaries-common.toml for supplementaries tracking
[24Apr2025 23:54:08.733] [modloading-worker-0/DEBUG] [net.minecraftforge.fml.config.ConfigTracker/CONFIG]: Config file forge-client.toml for forge tracking
[24Apr2025 23:54:08.733] [modloading-worker-0/DEBUG] [net.minecraftforge.fml.config.ConfigTracker/CONFIG]: Config file forge-server.toml for forge tracking
[24Apr2025 23:54:08.733] [modloading-worker-0/DEBUG] [net.minecraftforge.fml.ModLoadingContext/]: Attempted to register an empty config for type COMMON on mod forge
[24Apr2025 23:54:08.766] [modloading-worker-0/DEBUG] [net.minecraftforge.fml.javafmlmod.AutomaticEventSubscriber/LOADING]: Attempting to inject @EventBusSubscriber classes into the eventbus for forge
[24Apr2025 23:54:08.766] [modloading-worker-0/DEBUG] [net.minecraftforge.fml.javafmlmod.AutomaticEventSubscriber/LOADING]: Auto-subscribing net.minecraftforge.common.ForgeSpawnEggItem$CommonHandler to MOD
[24Apr2025 23:54:08.767] [modloading-worker-0/DEBUG] [mixin/]: Mixing ExplosionMixin from supplementaries-common.mixins.json into net.minecraft.world.level.Explosion
[24Apr2025 23:54:08.778] [modloading-worker-0/DEBUG] [net.minecraftforge.fml.config.ConfigTracker/CONFIG]: Config file corpse-server.toml for corpse tracking
[24Apr2025 23:54:08.779] [modloading-worker-0/DEBUG] [net.minecraftforge.fml.javafmlmod.AutomaticEventSubscriber/LOADING]: Attempting to inject @EventBusSubscriber classes into the eventbus for corpse
[24Apr2025 23:54:08.779] [modloading-worker-0/DEBUG] [net.minecraftforge.fml.javafmlmod.AutomaticEventSubscriber/LOADING]: Auto-subscribing de.maxhenkel.corpse.Main to FORGE
[24Apr2025 23:54:08.783] [modloading-worker-0/DEBUG] [net.minecraftforge.fml.javafmlmod.AutomaticEventSubscriber/LOADING]: Attempting to inject @EventBusSubscriber classes into the eventbus for dungeons_arise
[24Apr2025 23:54:08.785] [modloading-worker-0/DEBUG] [net.minecraftforge.fml.javafmlmod.AutomaticEventSubscriber/LOADING]: Attempting to inject @EventBusSubscriber classes into the eventbus for ati_structuresv
[24Apr2025 23:54:08.796] [modloading-worker-0/DEBUG] [mixin/]: Mixing IMixinJigsawPlacement from witherstormmod.mixins.json into net.minecraft.world.level.levelgen.structure.pools.JigsawPlacement
[24Apr2025 23:54:08.796] [modloading-worker-0/DEBUG] [mixin/]: Renaming @Invoker method invokeAddPieces(Lnet/minecraft/world/level/levelgen/RandomState;IZLnet/minecraft/world/level/chunk/ChunkGenerator;Lnet/minecraft/world/level/levelgen/structure/templatesystem/StructureTemplateManager;Lnet/minecraft/world/level/LevelHeightAccessor;Lnet/minecraft/util/RandomSource;Lnet/minecraft/core/Registry;Lnet/minecraft/world/level/levelgen/structure/PoolElementStructurePiece;Ljava/util/List;Lnet/minecraft/world/phys/shapes/VoxelShape;)V to invokeAddPieces_$md$bf7c5d$0 in witherstormmod.mixins.json:IMixinJigsawPlacement
[24Apr2025 23:54:08.797] [modloading-worker-0/DEBUG] [net.minecraftforge.fml.javafmlmod.AutomaticEventSubscriber/LOADING]: Attempting to inject @EventBusSubscriber classes into the eventbus for terrablender
[24Apr2025 23:54:08.799] [modloading-worker-0/DEBUG] [net.minecraftforge.fml.javafmlmod.AutomaticEventSubscriber/LOADING]: Auto-subscribing terrablender.handler.InitializationHandler to FORGE
[24Apr2025 23:54:08.807] [modloading-worker-0/DEBUG] [mixin/]: Mixing IMixinStructurePiecesBuilder from witherstormmod.mixins.json into net.minecraft.world.level.levelgen.structure.pieces.StructurePiecesBuilder
[24Apr2025 23:54:08.816] [modloading-worker-0/DEBUG] [net.minecraftforge.fml.javafmlmod.AutomaticEventSubscriber/LOADING]: Attempting to inject @EventBusSubscriber classes into the eventbus for structure_gel
[24Apr2025 23:54:08.816] [modloading-worker-0/DEBUG] [net.minecraftforge.fml.javafmlmod.AutomaticEventSubscriber/LOADING]: Auto-subscribing com.legacy.structure_gel.core.events.SGCommonEvents$ModBus to MOD
[24Apr2025 23:54:08.822] [modloading-worker-0/DEBUG] [net.minecraftforge.fml.javafmlmod.AutomaticEventSubscriber/LOADING]: Auto-subscribing com.legacy.structure_gel.core.events.SGCommonEvents$ForgeBus to FORGE
[24Apr2025 23:54:08.835] [modloading-worker-0/DEBUG] [mixin/]: Mixing impl.MixinEnvironment from glitchcore.forge.mixins.json into glitchcore.util.Environment
[24Apr2025 23:54:08.912] [modloading-worker-0/DEBUG] [mixin/]: Mixing self.SelfLumiseneFluidMixin from supplementaries.mixins.json into net.mehvahdjukaar.supplementaries.common.fluids.LumiseneFluid
[24Apr2025 23:54:08.920] [modloading-worker-0/DEBUG] [mixin/]: Mixing self.SelfFlammableFluidBlockMixin from supplementaries.mixins.json into net.mehvahdjukaar.supplementaries.common.fluids.FlammableLiquidBlock
[24Apr2025 23:54:09.053] [modloading-worker-0/DEBUG] [mixin/]: Mixing MixinBloodFluid from biomesoplenty.forge.mixins.json into biomesoplenty.block.BloodFluid
[24Apr2025 23:54:09.065] [modloading-worker-0/DEBUG] [mixin/]: Mixing self.SelfSoapItemMixin from supplementaries.mixins.json into net.mehvahdjukaar.supplementaries.common.items.SoapItem
[24Apr2025 23:54:09.072] [modloading-worker-0/DEBUG] [mixin/]: Mixing MixinLiquidNullFluid from biomesoplenty.forge.mixins.json into biomesoplenty.block.LiquidNullFluid
[24Apr2025 23:54:09.081] [modloading-worker-0/DEBUG] [net.minecraftforge.fml.config.ConfigTracker/CONFIG]: Config file moonlight-common.toml for moonlight tracking
[24Apr2025 23:54:09.098] [modloading-worker-0/DEBUG] [mixin/]: Mixing self.SelfGunpowderMixin from supplementaries.mixins.json into net.mehvahdjukaar.supplementaries.common.block.blocks.GunpowderBlock
[24Apr2025 23:54:09.241] [modloading-worker-0/DEBUG] [mixin/]: Mixing self.SelfSlingshotMixin from supplementaries.mixins.json into net.mehvahdjukaar.supplementaries.common.items.SlingshotItem
[24Apr2025 23:54:09.245] [modloading-worker-0/DEBUG] [net.minecraftforge.fml.javafmlmod.AutomaticEventSubscriber/LOADING]: Attempting to inject @EventBusSubscriber classes into the eventbus for moonlight
[24Apr2025 23:54:09.245] [modloading-worker-0/DEBUG] [net.minecraftforge.fml.javafmlmod.AutomaticEventSubscriber/LOADING]: Attempting to inject @EventBusSubscriber classes into the eventbus for mixinsquared
[24Apr2025 23:54:09.248] [modloading-worker-0/DEBUG] [mixin/]: Mixing self.SelfSafeMixin from supplementaries.mixins.json into net.mehvahdjukaar.supplementaries.common.block.blocks.SafeBlock
[24Apr2025 23:54:09.260] [modloading-worker-0/DEBUG] [net.minecraftforge.fml.javafmlmod.AutomaticEventSubscriber/LOADING]: Attempting to inject @EventBusSubscriber classes into the eventbus for jade
[24Apr2025 23:54:09.262] [modloading-worker-0/DEBUG] [net.minecraftforge.fml.javafmlmod.AutomaticEventSubscriber/LOADING]: Attempting to inject @EventBusSubscriber classes into the eventbus for biomesoplenty
[24Apr2025 23:54:09.262] [modloading-worker-0/DEBUG] [net.minecraftforge.fml.javafmlmod.AutomaticEventSubscriber/LOADING]: Auto-subscribing biomesoplenty.forge.handler.MissingMappingsHandler to FORGE
[24Apr2025 23:54:09.262] [modloading-worker-0/DEBUG] [mixin/]: Mixing self.SelfWrenchMixin from supplementaries.mixins.json into net.mehvahdjukaar.supplementaries.common.items.WrenchItem
[24Apr2025 23:54:09.263] [modloading-worker-0/DEBUG] [mixin/]: Renaming synthetic method lambda$onLeftClickEntity$0(Lnet/minecraft/world/entity/player/Player;Lnet/minecraft/world/entity/player/Player;)V to mdbf7c5d$lambda$onLeftClickEntity$0$0 in supplementaries.mixins.json:self.SelfWrenchMixin
[24Apr2025 23:54:09.262] [modloading-worker-0/DEBUG] [net.minecraftforge.fml.config.ConfigTracker/CONFIG]: Config file Obscuria/obscure-tooltips-client.toml for obscure_tooltips tracking
[24Apr2025 23:54:09.263] [modloading-worker-0/DEBUG] [net.minecraftforge.fml.javafmlmod.AutomaticEventSubscriber/LOADING]: Attempting to inject @EventBusSubscriber classes into the eventbus for obscure_tooltips
[24Apr2025 23:54:09.263] [modloading-worker-0/DEBUG] [net.minecraftforge.fml.javafmlmod.AutomaticEventSubscriber/LOADING]: Attempting to inject @EventBusSubscriber classes into the eventbus for hoporp
[24Apr2025 23:54:09.270] [modloading-worker-0/DEBUG] [net.minecraftforge.fml.javafmlmod.AutomaticEventSubscriber/LOADING]: Attempting to inject @EventBusSubscriber classes into the eventbus for cleanswing
[24Apr2025 23:54:09.271] [modloading-worker-0/DEBUG] [net.minecraftforge.fml.javafmlmod.AutomaticEventSubscriber/LOADING]: Auto-subscribing biomesoplenty.forge.datagen.DataGenerationHandler to MOD
[24Apr2025 23:54:09.284] [modloading-worker-0/ERROR] [net.minecraftforge.fml.javafmlmod.FMLModContainer/LOADING]: Failed to create mod instance. ModID: dungeons_enhanced, class com.barion.dungeons_enhanced.DungeonsEnhanced
java.lang.NoSuchMethodException: com.barion.dungeons_enhanced.DungeonsEnhanced.<init>()
	at java.lang.Class.getConstructor0(Class.java:3585) ~[?:?]
	at java.lang.Class.getDeclaredConstructor(Class.java:2754) ~[?:?]
	at net.minecraftforge.fml.javafmlmod.FMLModContainer.constructMod(FMLModContainer.java:70) ~[javafmllanguage-1.20.1-47.3.7.jar%23191!/:?]
	at net.minecraftforge.fml.ModContainer.lambda$buildTransitionHandler$4(ModContainer.java:124) ~[fmlcore-1.20.1-47.3.7.jar%23190!/:?]
	at java.util.concurrent.CompletableFuture$AsyncRun.run(CompletableFuture.java:1804) ~[?:?]
	at java.util.concurrent.CompletableFuture$AsyncRun.exec(CompletableFuture.java:1796) ~[?:?]
	at java.util.concurrent.ForkJoinTask.doExec(ForkJoinTask.java:373) ~[?:?]
	at java.util.concurrent.ForkJoinPool$WorkQueue.topLevelExec(ForkJoinPool.java:1182) ~[?:?]
	at java.util.concurrent.ForkJoinPool.scan(ForkJoinPool.java:1655) ~[?:?]
	at java.util.concurrent.ForkJoinPool.runWorker(ForkJoinPool.java:1622) ~[?:?]
	at java.util.concurrent.ForkJoinWorkerThread.run(ForkJoinWorkerThread.java:165) ~[?:?]
[24Apr2025 23:54:09.298] [modloading-worker-0/DEBUG] [net.minecraftforge.fml.javafmlmod.AutomaticEventSubscriber/LOADING]: Attempting to inject @EventBusSubscriber classes into the eventbus for noanimaltemptdelay
[24Apr2025 23:54:09.299] [modloading-worker-0/DEBUG] [mixin/]: Mixing self.SelfQuiverItemMixin from supplementaries.mixins.json into net.mehvahdjukaar.supplementaries.common.items.QuiverItem
[24Apr2025 23:54:09.306] [modloading-worker-0/DEBUG] [mixin/]: Mixing self.SelfLunchBoxItemMixin from supplementaries.mixins.json into net.mehvahdjukaar.supplementaries.common.items.LunchBoxItem
[24Apr2025 23:54:09.336] [modloading-worker-0/DEBUG] [mixin/]: Mixing self.SelfOpenableContainerMixin from supplementaries.mixins.json into net.mehvahdjukaar.supplementaries.common.block.tiles.OpeneableContainerBlockEntity
[24Apr2025 23:54:09.366] [modloading-worker-0/DEBUG] [mixin/]: Mixing self.SelfPlanterMixin from supplementaries.mixins.json into net.mehvahdjukaar.supplementaries.common.block.blocks.PlanterBlock
[24Apr2025 23:54:09.452] [modloading-worker-0/DEBUG] [mixin/]: Mixing self.SelfFrameMixin from supplementaries.mixins.json into net.mehvahdjukaar.supplementaries.common.block.blocks.FrameBlock
[24Apr2025 23:54:09.476] [modloading-worker-0/DEBUG] [azurelib/IO]: Starting processing of config azurelib
[24Apr2025 23:54:09.476] [modloading-worker-0/DEBUG] [azurelib/IO]: Reading config azurelib
[24Apr2025 23:54:09.486] [modloading-worker-0/DEBUG] [azurelib/IO]: Writing config azurelib
[24Apr2025 23:54:09.487] [modloading-worker-0/DEBUG] [azurelib/IO]: Processing of config azurelib has finished
[24Apr2025 23:54:09.490] [modloading-worker-0/INFO] [azurelib/FileWatching]: Registered azurelib config for auto-sync function
[24Apr2025 23:54:09.499] [modloading-worker-0/DEBUG] [net.minecraftforge.fml.javafmlmod.AutomaticEventSubscriber/LOADING]: Attempting to inject @EventBusSubscriber classes into the eventbus for azurelib
[24Apr2025 23:54:09.500] [modloading-worker-0/DEBUG] [net.minecraftforge.fml.javafmlmod.AutomaticEventSubscriber/LOADING]: Auto-subscribing mod.azure.azurelib.NeoForgeAzureLibMod to FORGE
[24Apr2025 23:54:09.561] [modloading-worker-0/DEBUG] [net.minecraftforge.fml.javafmlmod.AutomaticEventSubscriber/LOADING]: Attempting to inject @EventBusSubscriber classes into the eventbus for fromanotherworld
[24Apr2025 23:54:09.561] [modloading-worker-0/DEBUG] [net.minecraftforge.fml.javafmlmod.AutomaticEventSubscriber/LOADING]: Auto-subscribing mod.acats.fromanotherworld.forge.events.InteractEvents to FORGE
[24Apr2025 23:54:09.568] [modloading-worker-0/DEBUG] [net.minecraftforge.fml.javafmlmod.AutomaticEventSubscriber/LOADING]: Auto-subscribing mod.acats.fromanotherworld.forge.events.LivingEntityEvents to FORGE
[24Apr2025 23:54:09.572] [modloading-worker-0/DEBUG] [mixin/]: Mixing SelfEntitySpawnDataMixin from moonlight.mixins.json into net.mehvahdjukaar.moonlight.api.entity.IExtraClientSpawnData
[24Apr2025 23:54:09.579] [modloading-worker-0/DEBUG] [xaero.hud.minimap.MinimapLogs/]: Loaded xaero.common.platform.services.ForgePlatformHelper@29019c29 for service interface xaero.common.platform.services.IPlatformHelper
[24Apr2025 23:54:09.585] [modloading-worker-0/DEBUG] [net.minecraftforge.fml.javafmlmod.AutomaticEventSubscriber/LOADING]: Auto-subscribing mod.acats.fromanotherworld.forge.events.MiscCommonEvents to MOD
[24Apr2025 23:54:09.586] [modloading-worker-0/DEBUG] [net.minecraftforge.fml.javafmlmod.AutomaticEventSubscriber/LOADING]: Auto-subscribing mod.acats.fromanotherworld.forge.events.WorldEvents to FORGE
[24Apr2025 23:54:09.595] [modloading-worker-0/INFO] [Collective/]: Loading Collective version 7.78.
[24Apr2025 23:54:09.597] [modloading-worker-0/DEBUG] [net.minecraftforge.fml.javafmlmod.AutomaticEventSubscriber/LOADING]: Attempting to inject @EventBusSubscriber classes into the eventbus for xaerominimap
[24Apr2025 23:54:09.622] [modloading-worker-0/DEBUG] [net.minecraftforge.fml.config.ConfigTracker/CONFIG]: Config file camera-server.toml for camera tracking
[24Apr2025 23:54:09.624] [modloading-worker-0/DEBUG] [net.minecraftforge.fml.config.ConfigTracker/CONFIG]: Config file camera-client.toml for camera tracking
[24Apr2025 23:54:09.626] [modloading-worker-0/DEBUG] [mixin/]: Mixing MapDataMixin from moonlight-common.mixins.json into net.minecraft.world.level.saveddata.maps.MapItemSavedData
[24Apr2025 23:54:09.627] [modloading-worker-0/DEBUG] [mixin/]: Renaming synthetic method lambda$save$3(Lnet/minecraft/nbt/CompoundTag;Lnet/minecraft/resources/ResourceLocation;Lnet/mehvahdjukaar/moonlight/api/map/CustomMapData;)V to mdbf7c5d$lambda$save$3$0 in moonlight-common.mixins.json:MapDataMixin
[24Apr2025 23:54:09.627] [modloading-worker-0/DEBUG] [mixin/]: Renaming synthetic method lambda$load$2(Lnet/minecraft/nbt/CompoundTag;Lnet/mehvahdjukaar/moonlight/api/map/CustomMapData;)V to mdbf7c5d$lambda$load$2$1 in moonlight-common.mixins.json:MapDataMixin
[24Apr2025 23:54:09.627] [modloading-worker-0/DEBUG] [mixin/]: Renaming synthetic method lambda$setCustomDataDirty$1(Lnet/mehvahdjukaar/moonlight/api/map/CustomMapData$Type;Ljava/util/function/Consumer;Lnet/minecraft/world/level/saveddata/maps/MapItemSavedData$HoldingPlayer;)V to mdbf7c5d$lambda$setCustomDataDirty$1$2 in moonlight-common.mixins.json:MapDataMixin
[24Apr2025 23:54:09.627] [modloading-worker-0/DEBUG] [mixin/]: Renaming synthetic method lambda$setCustomDecorationsDirty$0(Lnet/minecraft/world/level/saveddata/maps/MapItemSavedData$HoldingPlayer;)V to mdbf7c5d$lambda$setCustomDecorationsDirty$0$3 in moonlight-common.mixins.json:MapDataMixin
[24Apr2025 23:54:09.650] [modloading-worker-0/DEBUG] [net.minecraftforge.fml.javafmlmod.AutomaticEventSubscriber/LOADING]: Attempting to inject @EventBusSubscriber classes into the eventbus for camera
[24Apr2025 23:54:09.651] [modloading-worker-0/DEBUG] [net.minecraftforge.fml.javafmlmod.AutomaticEventSubscriber/LOADING]: Auto-subscribing de.maxhenkel.camera.ServerEvents to FORGE
[24Apr2025 23:54:09.657] [modloading-worker-0/INFO] [com.autovw.advancednetherite.AdvancedNetherite/]: Initializing platform helper for Advanced Netherite!
[24Apr2025 23:54:09.665] [modloading-worker-0/DEBUG] [net.minecraftforge.fml.javafmlmod.AutomaticEventSubscriber/LOADING]: Attempting to inject @EventBusSubscriber classes into the eventbus for collective
[24Apr2025 23:54:09.669] [modloading-worker-0/DEBUG] [net.minecraftforge.fml.javafmlmod.AutomaticEventSubscriber/LOADING]: Auto-subscribing com.natamus.collective.forge.events.RegisterCollectiveForgeEvents to FORGE
[24Apr2025 23:54:09.674] [modloading-worker-0/DEBUG] [mixin/]: Mixing LootTableMixin from balm.mixins.json into net.minecraft.world.level.storage.loot.LootTable
[24Apr2025 23:54:09.679] [modloading-worker-0/DEBUG] [net.minecraftforge.fml.config.ConfigTracker/CONFIG]: Config file storagedrawers-common.toml for storagedrawers tracking
[24Apr2025 23:54:09.681] [modloading-worker-0/DEBUG] [net.minecraftforge.fml.config.ConfigTracker/CONFIG]: Config file advancednetherite-client.toml for advancednetherite tracking
[24Apr2025 23:54:09.681] [modloading-worker-0/DEBUG] [net.minecraftforge.fml.config.ConfigTracker/CONFIG]: Config file advancednetherite-common.toml for advancednetherite tracking
[24Apr2025 23:54:09.681] [modloading-worker-0/DEBUG] [net.minecraftforge.fml.config.ConfigTracker/CONFIG]: Config file advancednetherite-server.toml for advancednetherite tracking
[24Apr2025 23:54:09.685] [modloading-worker-0/DEBUG] [net.minecraftforge.fml.config.ConfigTracker/CONFIG]: Config file storagedrawers-client.toml for storagedrawers tracking
[24Apr2025 23:54:09.695] [modloading-worker-0/DEBUG] [io.netty.util.internal.InternalThreadLocalMap/]: -Dio.netty.threadLocalMap.stringBuilder.initialSize: 1024
[24Apr2025 23:54:09.695] [modloading-worker-0/DEBUG] [io.netty.util.internal.InternalThreadLocalMap/]: -Dio.netty.threadLocalMap.stringBuilder.maxSize: 4096
[24Apr2025 23:54:09.695] [modloading-worker-0/DEBUG] [io.netty.util.internal.ThreadLocalRandom/]: -Dio.netty.initialSeedUniquifier: 0x8d2824daac773fa0
[24Apr2025 23:54:09.705] [modloading-worker-0/DEBUG] [net.minecraftforge.fml.javafmlmod.AutomaticEventSubscriber/LOADING]: Attempting to inject @EventBusSubscriber classes into the eventbus for advancednetherite
[24Apr2025 23:54:09.707] [modloading-worker-0/DEBUG] [net.minecraftforge.fml.javafmlmod.AutomaticEventSubscriber/LOADING]: Auto-subscribing com.autovw.advancednetherite.datagen.ModDataGenerator to MOD
[24Apr2025 23:54:09.708] [modloading-worker-0/DEBUG] [net.minecraftforge.fml.javafmlmod.AutomaticEventSubscriber/LOADING]: Auto-subscribing com.autovw.advancednetherite.common.EventHandler to FORGE
[24Apr2025 23:54:09.713] [modloading-worker-0/DEBUG] [net.minecraftforge.fml.javafmlmod.AutomaticEventSubscriber/LOADING]: Auto-subscribing com.autovw.advancednetherite.AdvancedNetheriteTab to MOD
[24Apr2025 23:54:09.721] [modloading-worker-0/DEBUG] [net.minecraftforge.fml.config.ConfigTracker/CONFIG]: Config file measurements-client.toml for measurements tracking
[24Apr2025 23:54:09.730] [modloading-worker-0/DEBUG] [Measurements/]: Loaded com.mrbysco.measurements.platform.ForgePlatformHelper@597d8dc for service interface com.mrbysco.measurements.platform.services.IPlatformHelper
[24Apr2025 23:54:09.733] [modloading-worker-0/DEBUG] [Measurements/]: Loaded com.mrbysco.measurements.ForgeRegistrationFactory@2d71266f for service interface com.mrbysco.measurements.registration.RegistrationProvider$Factory
[24Apr2025 23:54:09.736] [modloading-worker-0/DEBUG] [net.minecraftforge.fml.javafmlmod.AutomaticEventSubscriber/LOADING]: Attempting to inject @EventBusSubscriber classes into the eventbus for measurements
[24Apr2025 23:54:09.775] [modloading-worker-0/DEBUG] [net.minecraftforge.fml.config.ConfigTracker/CONFIG]: Config file witherstormmod-client.toml for witherstormmod tracking
[24Apr2025 23:54:09.775] [modloading-worker-0/DEBUG] [net.minecraftforge.fml.config.ConfigTracker/CONFIG]: Config file witherstormmod-common.toml for witherstormmod tracking
[24Apr2025 23:54:09.775] [modloading-worker-0/DEBUG] [net.minecraftforge.fml.config.ConfigTracker/CONFIG]: Config file witherstormmod-server.toml for witherstormmod tracking
[24Apr2025 23:54:09.844] [modloading-worker-0/DEBUG] [mixin/]: Mixing accessor.BrainAccessor from moonlight-common.mixins.json into net.minecraft.world.entity.ai.Brain
[24Apr2025 23:54:09.844] [modloading-worker-0/DEBUG] [mixin/]: Mixing IMixinBrain from witherstormmod.mixins.json into net.minecraft.world.entity.ai.Brain
[24Apr2025 23:54:09.846] [modloading-worker-0/DEBUG] [mixin/]: Unexpected: Registered method getSensors()Ljava/util/Map; in net.minecraft.world.entity.ai.Brain was not merged
[24Apr2025 23:54:09.847] [modloading-worker-0/DEBUG] [net.minecraftforge.fml.javafmlmod.AutomaticEventSubscriber/LOADING]: Attempting to inject @EventBusSubscriber classes into the eventbus for storagedrawers
[24Apr2025 23:54:09.851] [modloading-worker-0/DEBUG] [net.minecraftforge.fml.javafmlmod.AutomaticEventSubscriber/LOADING]: Auto-subscribing com.jaquadro.minecraft.storagedrawers.core.CommonEventBusSubscriber to FORGE
[24Apr2025 23:54:09.852] [modloading-worker-0/DEBUG] [net.minecraftforge.fml.javafmlmod.AutomaticEventSubscriber/LOADING]: Attempting to inject @EventBusSubscriber classes into the eventbus for supplementaries
[24Apr2025 23:54:09.853] [modloading-worker-0/DEBUG] [net.minecraftforge.fml.javafmlmod.AutomaticEventSubscriber/LOADING]: Auto-subscribing net.mehvahdjukaar.supplementaries.forge.RemapHandler to FORGE
[24Apr2025 23:54:09.858] [modloading-worker-0/DEBUG] [net.minecraftforge.fml.javafmlmod.AutomaticEventSubscriber/LOADING]: Attempting to inject @EventBusSubscriber classes into the eventbus for fromanotherlibrary
[24Apr2025 23:54:09.858] [modloading-worker-0/DEBUG] [net.minecraftforge.fml.javafmlmod.AutomaticEventSubscriber/LOADING]: Auto-subscribing mod.acats.fromanotherlibrary.events.InventoryEvents to MOD
[24Apr2025 23:54:09.859] [modloading-worker-0/DEBUG] [net.minecraftforge.fml.javafmlmod.AutomaticEventSubscriber/LOADING]: Auto-subscribing mod.acats.fromanotherlibrary.events.EntityEvents to MOD
[24Apr2025 23:54:09.860] [modloading-worker-0/DEBUG] [net.minecraftforge.fml.javafmlmod.AutomaticEventSubscriber/LOADING]: Auto-subscribing mod.acats.fromanotherlibrary.events.CommonEvents to MOD
[24Apr2025 23:54:09.868] [modloading-worker-0/DEBUG] [net.minecraftforge.fml.javafmlmod.AutomaticEventSubscriber/LOADING]: Attempting to inject @EventBusSubscriber classes into the eventbus for extra_dungeons
[24Apr2025 23:54:09.930] [modloading-worker-0/DEBUG] [net.minecraftforge.fml.config.ConfigTracker/CONFIG]: Config file sporedata.toml for spore tracking
[24Apr2025 23:54:09.931] [modloading-worker-0/DEBUG] [net.minecraftforge.fml.config.ConfigTracker/CONFIG]: Config file sporeconfig.toml for spore tracking
[24Apr2025 23:54:09.952] [modloading-worker-0/DEBUG] [net.minecraftforge.fml.javafmlmod.AutomaticEventSubscriber/LOADING]: Attempting to inject @EventBusSubscriber classes into the eventbus for fallingtree
[24Apr2025 23:54:10.117] [modloading-worker-0/DEBUG] [net.minecraftforge.fml.javafmlmod.AutomaticEventSubscriber/LOADING]: Attempting to inject @EventBusSubscriber classes into the eventbus for twilightforest
[24Apr2025 23:54:10.122] [modloading-worker-0/DEBUG] [net.minecraftforge.fml.javafmlmod.AutomaticEventSubscriber/LOADING]: Auto-subscribing twilightforest.util.TFRemapper to FORGE
[24Apr2025 23:54:10.124] [modloading-worker-0/DEBUG] [net.minecraftforge.fml.javafmlmod.AutomaticEventSubscriber/LOADING]: Auto-subscribing twilightforest.loot.modifiers.GiantToolGroupingModifier to FORGE
[24Apr2025 23:54:10.130] [modloading-worker-0/DEBUG] [net.minecraftforge.fml.javafmlmod.AutomaticEventSubscriber/LOADING]: Auto-subscribing twilightforest.item.OreMagnetItem to FORGE
[24Apr2025 23:54:10.134] [modloading-worker-0/DEBUG] [net.minecraftforge.fml.javafmlmod.AutomaticEventSubscriber/LOADING]: Auto-subscribing twilightforest.item.FierySwordItem to FORGE
[24Apr2025 23:54:10.137] [modloading-worker-0/DEBUG] [net.minecraftforge.fml.javafmlmod.AutomaticEventSubscriber/LOADING]: Auto-subscribing twilightforest.init.TFEntities to MOD
[24Apr2025 23:54:10.138] [modloading-worker-0/DEBUG] [net.minecraftforge.fml.javafmlmod.AutomaticEventSubscriber/LOADING]: Auto-subscribing twilightforest.init.TFCaveCarvers to MOD
[24Apr2025 23:54:10.144] [modloading-worker-0/DEBUG] [net.minecraftforge.fml.javafmlmod.AutomaticEventSubscriber/LOADING]: Auto-subscribing twilightforest.events.ToolEvents to FORGE
[24Apr2025 23:54:10.148] [modloading-worker-0/DEBUG] [net.minecraftforge.fml.javafmlmod.AutomaticEventSubscriber/LOADING]: Auto-subscribing twilightforest.events.ProgressionEvents to FORGE
[24Apr2025 23:54:10.151] [modloading-worker-0/DEBUG] [net.minecraftforge.fml.javafmlmod.AutomaticEventSubscriber/LOADING]: Auto-subscribing twilightforest.events.MiscEvents to FORGE
[24Apr2025 23:54:10.154] [modloading-worker-0/DEBUG] [net.minecraftforge.fml.javafmlmod.AutomaticEventSubscriber/LOADING]: Auto-subscribing twilightforest.events.HostileMountEvents to FORGE
[24Apr2025 23:54:10.173] [modloading-worker-0/DEBUG] [net.minecraftforge.fml.javafmlmod.AutomaticEventSubscriber/LOADING]: Auto-subscribing twilightforest.events.EntityEvents to FORGE
[24Apr2025 23:54:10.187] [modloading-worker-0/DEBUG] [net.minecraftforge.fml.javafmlmod.AutomaticEventSubscriber/LOADING]: Attempting to inject @EventBusSubscriber classes into the eventbus for witherstormmod
[24Apr2025 23:54:10.189] [modloading-worker-0/DEBUG] [net.minecraftforge.fml.javafmlmod.AutomaticEventSubscriber/LOADING]: Auto-subscribing twilightforest.events.CharmEvents to FORGE
[24Apr2025 23:54:10.193] [modloading-worker-0/DEBUG] [net.minecraftforge.fml.javafmlmod.AutomaticEventSubscriber/LOADING]: Auto-subscribing twilightforest.events.CapabilityEvents to FORGE
[24Apr2025 23:54:10.197] [modloading-worker-0/DEBUG] [net.minecraftforge.fml.javafmlmod.AutomaticEventSubscriber/LOADING]: Auto-subscribing twilightforest.data.DataGenerators to MOD
[24Apr2025 23:54:10.201] [modloading-worker-0/DEBUG] [net.minecraftforge.fml.javafmlmod.AutomaticEventSubscriber/LOADING]: Auto-subscribing twilightforest.TFTickHandler to FORGE
[24Apr2025 23:54:10.202] [modloading-worker-0/DEBUG] [net.minecraftforge.fml.javafmlmod.AutomaticEventSubscriber/LOADING]: Auto-subscribing twilightforest.TFConfig to MOD
[24Apr2025 23:54:10.203] [modloading-worker-0/DEBUG] [net.minecraftforge.fml.javafmlmod.AutomaticEventSubscriber/LOADING]: Auto-subscribing twilightforest.TFConfig$ConfigSync to FORGE
[24Apr2025 23:54:10.269] [modloading-worker-0/DEBUG] [net.minecraftforge.fml.javafmlmod.AutomaticEventSubscriber/LOADING]: Attempting to inject @EventBusSubscriber classes into the eventbus for spore
[24Apr2025 23:54:10.269] [modloading-worker-0/DEBUG] [net.minecraftforge.fml.javafmlmod.AutomaticEventSubscriber/LOADING]: Auto-subscribing com.Harbinger.Spore.sEvents.Infection to FORGE
[24Apr2025 23:54:10.278] [modloading-worker-0/DEBUG] [net.minecraftforge.fml.javafmlmod.AutomaticEventSubscriber/LOADING]: Auto-subscribing com.Harbinger.Spore.sEvents.HandlerEvents to FORGE
[24Apr2025 23:54:10.286] [modloading-worker-0/DEBUG] [net.minecraftforge.fml.javafmlmod.AutomaticEventSubscriber/LOADING]: Auto-subscribing com.Harbinger.Spore.sEvents.Attributes to MOD
[24Apr2025 23:54:10.287] [modloading-worker-0/DEBUG] [net.minecraftforge.fml.javafmlmod.AutomaticEventSubscriber/LOADING]: Auto-subscribing com.Harbinger.Spore.Srecipes.Recipes to MOD
[24Apr2025 23:54:10.290] [main/FATAL] [net.minecraftforge.fml.ModLoader/LOADING]: Failed to complete lifecycle event CONSTRUCT, 1 errors found
[24Apr2025 23:54:10.307] [main/DEBUG] [net.minecraftforge.common.ForgeI18n/CORE]: Loading I18N data entries: 6430
[24Apr2025 23:54:10.309] [main/DEBUG] [oshi.util.FileUtil/]: Reading file /sys/devices/system/cpu/cpu0/topology/core_id
[24Apr2025 23:54:10.309] [main/DEBUG] [oshi.util.FileUtil/]: Reading file /sys/devices/system/cpu/cpu0/topology/core_id
[24Apr2025 23:54:10.309] [main/DEBUG] [oshi.util.FileUtil/]: Reading file /sys/devices/system/cpu/cpu0/topology/physical_package_id
[24Apr2025 23:54:10.309] [main/DEBUG] [oshi.util.FileUtil/]: Reading file /sys/devices/system/cpu/cpu0/topology/physical_package_id
[24Apr2025 23:54:10.309] [main/DEBUG] [oshi.util.FileUtil/]: Reading file /sys/devices/system/cpu/cpu0/cpu_capacity
[24Apr2025 23:54:10.309] [main/DEBUG] [oshi.util.FileUtil/]: Reading file /sys/devices/system/cpu/cpu1/topology/core_id
[24Apr2025 23:54:10.309] [main/DEBUG] [oshi.util.FileUtil/]: Reading file /sys/devices/system/cpu/cpu1/topology/core_id
[24Apr2025 23:54:10.309] [main/DEBUG] [oshi.util.FileUtil/]: Reading file /sys/devices/system/cpu/cpu1/topology/physical_package_id
[24Apr2025 23:54:10.310] [main/DEBUG] [oshi.util.FileUtil/]: Reading file /sys/devices/system/cpu/cpu1/topology/physical_package_id
[24Apr2025 23:54:10.310] [main/DEBUG] [oshi.util.FileUtil/]: Reading file /sys/devices/system/cpu/cpu1/cpu_capacity
[24Apr2025 23:54:10.310] [main/DEBUG] [oshi.util.FileUtil/]: Reading file /sys/devices/system/cpu/cpu2/topology/core_id
[24Apr2025 23:54:10.310] [main/DEBUG] [oshi.util.FileUtil/]: Reading file /sys/devices/system/cpu/cpu2/topology/core_id
[24Apr2025 23:54:10.310] [main/DEBUG] [oshi.util.FileUtil/]: Reading file /sys/devices/system/cpu/cpu2/topology/physical_package_id
[24Apr2025 23:54:10.310] [main/DEBUG] [oshi.util.FileUtil/]: Reading file /sys/devices/system/cpu/cpu2/topology/physical_package_id
[24Apr2025 23:54:10.310] [main/DEBUG] [oshi.util.FileUtil/]: Reading file /sys/devices/system/cpu/cpu2/cpu_capacity
[24Apr2025 23:54:10.311] [main/DEBUG] [oshi.util.FileUtil/]: Reading file /sys/devices/system/cpu/cpu3/topology/core_id
[24Apr2025 23:54:10.311] [main/DEBUG] [oshi.util.FileUtil/]: Reading file /sys/devices/system/cpu/cpu3/topology/core_id
[24Apr2025 23:54:10.311] [main/DEBUG] [oshi.util.FileUtil/]: Reading file /sys/devices/system/cpu/cpu3/topology/physical_package_id
[24Apr2025 23:54:10.311] [main/DEBUG] [oshi.util.FileUtil/]: Reading file /sys/devices/system/cpu/cpu3/topology/physical_package_id
[24Apr2025 23:54:10.311] [main/DEBUG] [oshi.util.FileUtil/]: Reading file /sys/devices/system/cpu/cpu3/cpu_capacity
[24Apr2025 23:54:10.311] [main/DEBUG] [oshi.util.FileUtil/]: Reading file /proc/cpuinfo
[24Apr2025 23:54:10.317] [main/DEBUG] [oshi.util.FileUtil/]: Reading file /proc/self/auxv
[24Apr2025 23:54:10.318] [main/DEBUG] [oshi.util.FileUtil/]: No oshi.architecture.properties file found from ClassLoader cpw.mods.modlauncher.TransformingClassLoader@615439f7
[24Apr2025 23:54:10.318] [main/DEBUG] [oshi.util.FileUtil/]: No oshi.architecture.properties file found from ClassLoader jdk.internal.loader.ClassLoaders$AppClassLoader@76ed5528
[24Apr2025 23:54:10.328] [main/DEBUG] [oshi.util.FileUtil/]: Reading file /proc/meminfo
[24Apr2025 23:54:10.328] [main/DEBUG] [oshi.util.FileUtil/]: Reading file /proc/meminfo
[24Apr2025 23:54:10.342] [main/DEBUG] [net.minecraftforge.coremod.transformer.CoreModBaseTransformer/COREMOD]: Transforming m_78311_ with desc ()V
[24Apr2025 23:54:10.343] [main/DEBUG] [net.minecraftforge.coremod.transformer.CoreModBaseTransformer/COREMOD]: Transforming m_78311_ with desc ()V
[24Apr2025 23:54:10.363] [main/FATAL] [net.minecraftforge.common.ForgeMod/]: Preparing crash report with UUID 52fe15f1-1141-47c9-ae55-52ee748a9f22
[24Apr2025 23:54:10.364] [main/FATAL] [net.minecraftforge.server.loading.ServerModLoader/]: Crash report saved to ./crash-reports/crash-2025-04-24_23.54.10-fml.txt
[24Apr2025 23:54:10.369] [main/FATAL] [net.minecraftforge.common.ForgeMod/]: Preparing crash report with UUID a36c4ba2-2dfd-4298-b3f2-59423cbeeb7c
[24Apr2025 23:54:10.370] [main/ERROR] [net.minecraft.server.Main/FATAL]: Failed to start the minecraft server
net.minecraftforge.fml.LoadingFailedException: Loading errors encountered: [
	Dungeons Enhanced (dungeons_enhanced) has failed to load correctly
§7java.lang.NoSuchMethodException: com.barion.dungeons_enhanced.DungeonsEnhanced.<init>()
]
	at net.minecraftforge.fml.ModLoader.waitForTransition(ModLoader.java:246) ~[fmlcore-1.20.1-47.3.7.jar%23190!/:?]
	at net.minecraftforge.fml.ModLoader.lambda$dispatchAndHandleError$20(ModLoader.java:210) ~[fmlcore-1.20.1-47.3.7.jar%23190!/:?]
	at java.util.Optional.ifPresent(Optional.java:178) ~[?:?]
	at net.minecraftforge.fml.ModLoader.dispatchAndHandleError(ModLoader.java:210) ~[fmlcore-1.20.1-47.3.7.jar%23190!/:?]
	at net.minecraftforge.fml.ModLoader.lambda$gatherAndInitializeMods$13(ModLoader.java:183) ~[fmlcore-1.20.1-47.3.7.jar%23190!/:?]
	at java.lang.Iterable.forEach(Iterable.java:75) ~[?:?]
	at net.minecraftforge.fml.ModLoader.gatherAndInitializeMods(ModLoader.java:183) ~[fmlcore-1.20.1-47.3.7.jar%23190!/:?]
	at net.minecraftforge.server.loading.ServerModLoader.load(ServerModLoader.java:30) ~[forge-1.20.1-47.3.7-universal.jar%23194!/:?]
	at net.minecraft.server.Main.main(Main.java:125) ~[server-1.20.1-20230612.114412-srg.jar%23189!/:?]
	at jdk.internal.reflect.NativeMethodAccessorImpl.invoke0(Native Method) ~[?:?]
	at jdk.internal.reflect.NativeMethodAccessorImpl.invoke(NativeMethodAccessorImpl.java:77) ~[?:?]
	at jdk.internal.reflect.DelegatingMethodAccessorImpl.invoke(DelegatingMethodAccessorImpl.java:43) ~[?:?]
	at java.lang.reflect.Method.invoke(Method.java:569) ~[?:?]
	at net.minecraftforge.fml.loading.targets.CommonLaunchHandler.runTarget(CommonLaunchHandler.java:111) ~[fmlloader-1.20.1-47.3.7.jar%2369!/:?]
	at net.minecraftforge.fml.loading.targets.CommonLaunchHandler.serverService(CommonLaunchHandler.java:103) ~[fmlloader-1.20.1-47.3.7.jar%2369!/:?]
	at net.minecraftforge.fml.loading.targets.CommonServerLaunchHandler.lambda$makeService$0(CommonServerLaunchHandler.java:27) ~[fmlloader-1.20.1-47.3.7.jar%2369!/:?]
	at cpw.mods.modlauncher.LaunchServiceHandlerDecorator.launch(LaunchServiceHandlerDecorator.java:30) ~[modlauncher-10.0.9.jar%2355!/:?]
	at cpw.mods.modlauncher.LaunchServiceHandler.launch(LaunchServiceHandler.java:53) ~[modlauncher-10.0.9.jar%2355!/:?]
	at cpw.mods.modlauncher.LaunchServiceHandler.launch(LaunchServiceHandler.java:71) ~[modlauncher-10.0.9.jar%2355!/:?]
	at cpw.mods.modlauncher.Launcher.run(Launcher.java:108) ~[modlauncher-10.0.9.jar%2355!/:?]
	at cpw.mods.modlauncher.Launcher.main(Launcher.java:78) ~[modlauncher-10.0.9.jar%2355!/:?]
	at cpw.mods.modlauncher.BootstrapLaunchConsumer.accept(BootstrapLaunchConsumer.java:26) ~[modlauncher-10.0.9.jar%2355!/:?]
	at cpw.mods.modlauncher.BootstrapLaunchConsumer.accept(BootstrapLaunchConsumer.java:23) ~[modlauncher-10.0.9.jar%2355!/:?]
	at cpw.mods.bootstraplauncher.BootstrapLauncher.main(BootstrapLauncher.java:141) ~[bootstraplauncher-1.1.2.jar:?]
